姓名,评论内容
蜀和春,生活平淡，用心就会发光，岁月沉闷，跑起来就会有风，平淡的生活也有多种美。
张先森的小胖妞,讨厌这样说话的人
bu留长发~,剧情变了[捂脸]
玲玲手工日常🌸,胖子其实很心疼人 只是不好表达 希望你们越来越幸福[玫瑰]
🍒 MS  Li,封面字错了吧
船要靠岸,90后都出来吧[捂脸][捂脸][玫瑰][玫瑰][玫瑰]
彤玲兮三宝,胖子就不能好好说话吗？关心人也不喜欢这样的说话语气
阳光~小溪,把刀子嘴豆腐心演绎的淋漓尽致，这种说话方式很伤人，很讨厌这种相处方式
我是杨杨！！！,别觉得自己有多好。老是说话这种语气，听着都不得劲[抠鼻]
꒰ঌ𝟱.,胖子真的很好
記註穎.🦋,喜欢看蜀和春他们视频[玫瑰]
张先森的小胖妞,狗狗好可爱🥰
随意开心快乐,@[赞][赞][赞][玫瑰][玫瑰][玫瑰]
（HY）...,前排
创新CHN,㊗️你小俩口永远幸福[欢迎][欢迎][欢迎]
艳艳❤『乐芳，曹家』,17分钟前
祥兰738,好
果子。083,[666]
天天开心快乐,生活平淡，用心就会发光，岁月沉闷，跑起来就会有风，平淡的生活也有多种美。
烟雨飘渺805,[赞]
小小🌟💓糖果💓💓,[赞]
幸福之路,[赞][赞][赞][赞]
135790088,胖子说话事情也做了，说话不好听，没有方法
快手用户1649645087313,[赞][赞][赞][赞][赞]
刘梅☘️☘️,阿春，好好珍惜了[花谢了][花谢了][花谢了][花谢了][花谢了]
舌尖上的美味382,这口音有点像温州人
外婆,[爱心][赞]
外婆,[玫瑰][赞]
中华,[赞][赞][赞][赞][赞][赞][玫瑰][玫瑰][玫瑰][玫瑰][玫瑰][玫瑰]
16岁已成回忆,这男人你在哪里买的，我怎么搜不到，麻烦你把链接发给我吧，谢谢！
玲34047,[赞]
柔情似水,[捂脸]
幸福90761快乐人生,[赞][赞]
丁香1613,[赞]
守望幸福80613,演戏
贵云331,[赞][赞][赞][赞]
阿小雷,[爱心][玫瑰][666][666]
光秀,[赞][赞]
⭐语涵⭐,其实这个胖子挺好的，虽然胖了点，但是最起码知道心疼老婆，这样的日子才是叫做过日子[赞][赞][赞][赞]
雨中的龙,[玫瑰][玫瑰][玫瑰]
🌺 阿香🌺877,[赞][赞]
桑椎,[赞][赞][赞][赞]
！！,[赞]
快乐一生53816,[赞][赞][赞][赞]
一朵花,[赞][赞][赞]
。。欣爷,哪里有干一天小工就能买台洗衣机的地方，我也报名去[龇牙][龇牙][龇牙]
张哲,[笑哭]
姜！！！,[赞][赞][赞]
冯大姐567,[赞]
琴姐从心开始,剧本越演越假
一身平安0234,@[玫瑰]
知足常乐40293,[赞][赞]
紫水晶,胖子不太会说话
చ🥀红尘ꦽ几꯭度ꦻ⃟欢,浙江人吃肉不是不用烧皮拔毛的吗[捂脸]
受伤的小鸟551,[666]
红苹果,[赞][赞][赞][赞][赞]
蟹孝平,主管很像琴琴的婆婆
平安是福40157,啊春这下享福了
白霞,[火][火][火]
妃子笑,现实生活中有这样相处的夫妻吗
梅子,[赞][赞][赞][赞][赞][赞][赞]
User_1549202213348,胖子去帮你买洗衣机去了[赞][赞]
汐儿♛芈,[奸笑][奸笑][奸笑]
哈哈。。，，，。，,[赞]
蓝颜,胖子其实很心疼人 只是不好表达 希望你们越来越幸福[玫瑰]
阳光明媚,[赞][赞][赞][赞]
i喜欢狍子肉藕粉,好男人！评一个五一劳动勋章！
i喜欢狍子肉藕粉,"美女我们这很多二手洗衣机要不要来一个一两台！我们家里是收废品的
！"
🌾🌾命不由人🌾🌾,我也是不知道该做些什么，十年没有好好上过班[捂脸][捂脸]当保姆当得造逆了
User_1602830221334,[挑逗]
User_1602830221334,[挑逗][爱心][玫瑰][比心][赞]
玲珑13314,[捂脸][捂脸][捂脸]
！淡然一笑,[赞]
梦里田园,胖子对老婆太好啦！真心的是个好丈夫![赞][玫瑰]
小风不是小鳳,[赞][赞][赞][玫瑰][玫瑰]
陈朵朵女王,最后的做法挺好的
陈朵朵女王,最反感这种说话的人
亮点,春姐衣服有没有链接
好人一生平安,[赞][赞][赞][赞][赞]
蓝荻,胖子换个说话方式或许大家更喜欢
真爱（永恒）956,[捂脸][捂脸][捂脸][捂脸]
梅子65268,琴琴怎么不见了，去哪里了？
干净利落1043,[赞]
DJ代表430,[捂脸][玫瑰][玫瑰]
向往,[赞]
yhh,[笑哭][笑哭]
美好时光38718,[赞][赞]
花,@[赞][赞][赞]
任容,[赞]
德和黑猪金色交响店180872,[擦鼻涕]
爱情擦肩而过148,[666][666][666][666][666]
窝是小邑,[赞]
袁利,[666][赞][赞]
静静99955,[奸笑]
为你钟情3003,[666][666]
洛溪源梦,@晚晚
A 仔仔！,[赞]
青青草12904,[赞][玫瑰]
欣欣✨学姐🍡,[赞][赞]
珍珍,[火]
沉默就好,[赞][赞][赞]
涂爱平,胖子很疼老婆，都用辛勤的劳动买洗衣机，红烧肉。他就是跟别人的表情不用而已。给胖子点赞！
华鑫印章,[赞]
晨曦,胖子这种表达方式不好
淡然90520,[玫瑰]
夏天65707,[赞][赞][赞]
☀菊☀,[赞]
青春、一落成殘,[666]
紫蝶之纞682,[赞]
微笑过好每一天！？？？？,[赞]
『洪』943,[玫瑰][玫瑰]
快手用户1632916312634,[赞][赞][赞][玫瑰][玫瑰][玫瑰]
。88405,@[玫瑰]
丽豪云节,[赞]
梅姐31095,[赞][赞][赞]
梅姐31095,[赞][赞][赞]
诗情画意,要的就是这效果
勇攀高峰,[火][火][火][火]
快手用户1630945414031,[赞]
心里美,[赞]
慧星5603,[玫瑰]
开心宝22230,[赞][赞]
User_1623726538860,@[玫瑰]
韩九妹051,[666][火][玫瑰][赞]
微笑常在,我有时看到老公上班辛苦给他做饭吃，他说很难吃，后来才知道他是不要我做饭怕我累着，他自己做
人生65667,两口子越来越幸福[爱心]
xscdacs,[哦]
生活的无奈【青木林意字辈,这么好的男人不好遇到了
十里桃花,[赞]
英80918,[玫瑰]
[小英] 雅凡,[666][666][666]
无忧37093,@[赞][赞][赞][赞][赞]
燕过留声762,干活的穿个棉袄，不干活的穿那么单薄不合情合理
徐英菊512,[赞][赞][赞][赞]
星辰大海拥抱你。,[666]
牵手04604,胖子太好了
破产公司、鄂副总裁,运动鞋干活[捂脸]
美好的回忆30434,[赞][赞][赞]
颜家清,不好看了，别播了，
云儿朵朵1256,[哼][哼]
熙熙89080,[赞][赞][赞]
快手用户1654176539068,[笑哭]
扬二哥,[666]
风苑947,[赞]
User_1614845152288,[赞][赞][赞]
风苑947,[玫瑰]
坚执现实,[赞]
雨56860,[赞]
User_1595759396509,[玫瑰]
快手用户1633750066962,[赞]
楠姐,[赞]
六月天4470,[赞][赞][赞][赞][赞]
刘红芳,以前那个男的老实些，实在人
国泉,[奸笑][奸笑][奸笑]
国泉,[奸笑][奸笑][奸笑]
国泉,[666][666][666]
☂JF.,[玫瑰][玫瑰][玫瑰]
云云爱游戏,[赞][赞][赞][赞]
User_1594389721563,[赞][赞][赞][赞][爱心][爱心][爱心][爱心]
珍珍59174,@阿春，现在日子好过了，胖子照顾了[赞]
紫萝兰343,[撇嘴][撇嘴]
在森林麋了鹿,[666][666]
陈三姐,[哼][龇牙][捂脸][调皮][呆住][奸笑][奸笑]
春暖花开59674,[赞][赞][赞]
李秀春920,[龇牙][龇牙]
简简单单的幸福7124,[赞]
快乐一生,[赞][赞][赞][赞][赞][赞][赞]
陈章树,@[赞][赞][赞][赞][赞][赞][爱心][爱心][爱心][爱心]
平平凡凡9009,[赞][赞][赞][爱心][爱心][爱心]
qzuser92648,[赞][赞][赞][赞][赞]
安然,[火][666]
往事如烟,[赞][赞][赞]
张远凤327,[赞]
幸福美满,[赞][赞][赞]
新,[火]
天天开心79693,[赞][赞][赞]
枫叶、洳烟,[赞]
User_1579876642395,[赞][赞][赞][赞][赞]
王红婷259,[玫瑰][玫瑰][玫瑰]
彩虹的 约定,[玫瑰][笑哭][赞]嗯
知足者常乐。,[赞][赞][赞][赞]
平姐7300,[捂脸][捂脸][捂脸]
長情.,[赞][赞][赞][赞][赞]
123,[赞]
快手用户1640916465595,好男人都是上平台了
冷漠68052,[欢迎][欢迎][欢迎][欢迎][欢迎][憨笑][憨笑][我爱你][我爱你][我爱你][我爱你]
方崇枝,[火][火][火][火][玫瑰][玫瑰][玫瑰][玫瑰][双鸡][双鸡][老铁][老铁][老铁][老铁][赞][赞][赞]
忘记91645,[赞][赞][赞]
邹语芯344,[666][666][666]
小乖乖3044,[赞]
简单22323,[赞][赞][赞][玫瑰][玫瑰][玫瑰]
未来34307,[捂脸]
开心果48862,[玫瑰]
飘雪,[赞]
User_1595470455442,[玫瑰][玫瑰][玫瑰]
王蓉4569,[玫瑰][玫瑰][玫瑰][玫瑰][玫瑰][赞][赞][赞]
迁就你一生49848,[欢迎][欢迎]
快手用户1643461743066,[赞][赞][赞]
飞87088,你着个好男人👨我要有个这样的男多好[哼]
夜色的星空图,胖子这个男人很好。[赞][赞][赞][赞][赞][赞][赞][赞][赞][赞][赞][赞][赞][赞][赞][赞][赞][赞][赞][赞][赞][赞][赞][赞]
吴英084,特别不喜欢这种说话方式[捂脸]
团团,胖了现在怎么那样好
休心,[赞][赞][赞][赞][赞][赞]
一切安好,[赞]
杨付菊,[赞][赞][赞]
万事如意68443,[赞][赞][赞]
燕孑,[赞][赞][赞]
胡磬颖妈妈,[赞][赞][赞][玫瑰]
🐯🐯🐯🐯🐯,[奸笑][奸笑]
勇敢的红糖,[赞]
黄吉敏,[赞][赞][赞][赞][玫瑰][玫瑰]
百合52252,[玫瑰]
英姿飒爽75566,[火]
石洪东,[666][666][666]
蒲大姐540,@都向这样也没人离婚了[赞][赞][赞][赞][赞][赞]
曾秀群464,[玫瑰][玫瑰]
罗仁琼,[赞][赞]
哈哈,[赞]
美女如花854,现实有这样夫妻吗，不敢相信
会,@[玫瑰][赞]
嘉嘉睡不醒zZ,@[爱心][爱心][爱心]
✔赵家大公子✔,[生气][生气][生气]
转角遇到爱⊙ω⊙,[赞][赞][赞]
望爱💘 却步,[捂脸][捂脸]
香香妹709,[玫瑰]
冰山上的雪莲花381,[赞][赞][赞]
张姐,[赞][赞][赞]
13151888,[666]
明天，你好2921,[玫瑰]
好人一生平安40204,[赞][赞][赞][赞][赞][赞][赞][赞][赞][赞][赞][赞][赞]
A 😘😘 丶  柠萌汁。,[捂脸][捂脸][捂脸]
孙碧兰,[666]
樱桃（李凤萍）,[赞][赞][赞][赞]
快手用户1633093168188,[玫瑰][玫瑰][赞][赞]
白云21841,[玫瑰]
唐丽梅,[赞][赞][赞]
眉眼如初£,[爱心]
明天会更好10348,这才是好老公
牡丹93897,[赞][赞][赞]
平平安安02138,[玫瑰][玫瑰][玫瑰]
笑看人生,[赞][赞]
赵兰6283,[赞]
杨秀芳406,[666][666][666][666][666][666][玫瑰]
方铁君,[爱心][爱心][爱心][爱心][爱心]
苏辞ˡᵒᵛᵉᵀᴺᵀ,[难过]
苏辞ˡᵒᵛᵉᵀᴺᵀ,[难过]
龙再华,人生活着只有几拾年，何必这么辛苦
万仕华,[捂脸]
シ妳ら是我心里说不出的痛,贴
Xiangcai 11,[赞][赞][赞]
fjbyjbb,[笑哭]
想着你♡,[哦][哦][哦]
吴道琴,[赞][赞]
虎年吉祥,[火][赞]
没伞的孩子,[赞][赞]
胡二姐,[赞][赞][赞][赞]
爱家,[赞]
简单8069,[666][666][666][666]
♚檸檬味的貓♚,[赞]
平平安安21571,[赞]
萍姐～白开水,[微笑][微笑]
天天开心11264,[赞][赞][赞][赞][赞][玫瑰][玫瑰][玫瑰]
黎明~『星殇』,[玫瑰][玫瑰][玫瑰][玫瑰]
追求梦想71342,[赞]
生活VIP,[玫瑰]
💧45432,[赞][爱心]
幕落305,@
为祖国强大而努力,[赞][赞][赞][赞][赞][赞][赞][赞][赞][赞][赞][赞][666][666][666][666][666][666][666]
段秀绪,[撇嘴][撇嘴][撇嘴][我爱你]
段秀绪,[奸笑][奸笑][奸笑][奸笑][奸笑][奸笑][奸笑][奸笑]
段秀绪,[龇牙][龇牙][龇牙][龇牙][撇嘴][撇嘴][撇嘴][撇嘴][撇嘴][撇嘴][撇嘴]
邓家食店,[龇牙]
坚强6657,[赞]
睛天,[玫瑰][玫瑰][玫瑰]
Jenny💕,[赞]
昨晚见鬼了,[猪蹄]
新姑娘 🍒,[微笑]
奋斗46371,[玫瑰]
老黄,[玫瑰][玫瑰]
如烟5481,[玫瑰]
缘份空,[赞][赞]
蘋繁YOU縸,演的还可以。
宋江艳856,[玫瑰][玫瑰][玫瑰]
梦想甄英,[赞][赞][赞][赞][赞][赞][赞]
小丽,[赞][赞][玫瑰][玫瑰]
冰封的心9435,[玫瑰]
马久平我的新号码17345439,[赞]
20223796,原以为胖子是个讨厌的人，没想到是这么好的一男人[赞][赞]，好男人怎么都在别人家[捂脸][捂脸]
英英44997,[捂脸][捂脸][捂脸][玫瑰]
冰山一角40498,又换男朋友了
对你依旧不放弃つ,[笑哭]
袁富琼,[爱心][爱心][爱心]
阿杜🙇,[赞][赞][赞][赞]
雪英2567,[爱心][爱心][爱心][爱心][玫瑰][玫瑰][玫瑰][玫瑰]
老雷,视频拍得真的好假，越来越不喜欢了
幸运小草,[爱心][爱心][爱心][爱心][爱心]
静下来的春天,[玫瑰][赞]
独特存,[赞][赞][赞][赞]
美好65061,[玫瑰][玫瑰][玫瑰][玫瑰][玫瑰][玫瑰]
Winter,[赞]
兰妹在新疆,[玫瑰][玫瑰][玫瑰][玫瑰]
空气的味道～,[赞]
到底取啥名儿 ？,阿春那么勤快的人，一下子叫他不做事，可能好不习惯
想你的夜80562,[666]
胡浩mc，（反迷你）,[赞][赞]
User_1601731237846,[赞][赞]
梁婷萱,不喜欢现在的剧情
怀旧：是一种情怀！,[赞][赞][赞][赞][赞][赞]
幸福玫瑰7518,红烧漏江西口音
小燕🚙🚙,[玫瑰][玫瑰]
一帆风顺50810,[赞]
^春日限定🌸苒妍,[赞]
陈玉,[玫瑰]
秋乏.,[赞]
谢,[赞]
不哭就好501,[赞]
微笑！086,模范好丈夫[赞]
秀美花儿053,[玫瑰]
现实,这段拍的好，丈夫疼老婆夫妻感情好，给社会传递正能量，N赞
罗36156,[赞]
帅亖ᴺᵒ是罪,好
small白,早这体贴就不会掰了吧
如馨658,你上辈好事做多了这辈找了个好老公[赞]
User_1580384171767,[玫瑰][赞][赞][赞]
金孕婴童,[火][火]
白色6950,[赞]
谢开琴716,[666][666][666]
张此群,[调皮][调皮][调皮][调皮]
雨墨6637,[奸笑]
冬雪,[赞][赞][赞][赞][赞][赞][赞][赞][赞][赞][赞][赞][赞][赞][赞]
不再回忆往昔415,[优秀][赞][玫瑰]
心锐鹿晗,[666]
照明7085,[赞]
东风不成名小楼,[赞][赞][赞]
苏玖儿,[玫瑰]
断开＠,[赞]
czy,@[调皮]
刘林5590,@
天天开心43146,[玫瑰]
yuco176,[奸笑]
平安是福19580,[赞][赞][赞][玫瑰][玫瑰][玫瑰]
小小小,[玫瑰]
忠诚,[赞][赞][赞][赞][玫瑰][玫瑰][玫瑰][玫瑰]
如意45223,[玫瑰][玫瑰]
最美的期待,[赞][赞][赞][赞]
付静,，[赞]
金利📦副食店,假假[菜刀][菜刀][菜刀][菜刀]
许红慧,[爱心][火][玫瑰]
幸福人生04809,[爱心][爱心][爱心][爱心][爱心][爱心][爱心][爱心]
潇潇洒洒89078,[赞][赞][赞]
冷轩☘️🌱,[赞]
人生,[666]
陶子姐994,[赞][赞][赞][赞]
এ圏心ꦿ༊,从胖子出现之后，很多人都说讨厌他的说话方式，那你们可认同他的做法。既然不喜欢他的说话方式，那就别看，因为你也不会喜欢这样的人。在疼老婆你也不会喜欢，因为他说话方式你不喜欢，所以，你没必要看。 在这里评论什么？不喜欢这样说话这种方式。那你还看？
哈哈哈哈哈哈哈哈哈哈哈哈,[赞][赞]
染七,[鼓掌]
随缘57797,[赞][赞][赞]
扣outlast,[玫瑰][玫瑰][赞][赞]
User_1626241166706,@
王寿琴,[玫瑰]
菊菊,[赞][赞][赞][666]
100-1=0,[赞]
快手用户1675008808085,[赞][赞][赞][赞]
无奈的人生,[666][666][666]
晞姌～,[玫瑰]
文琼724,[奸笑]
PIG CAT906,这老公还不错
快手用户1663060474191,[赞]
🍀咪花🌸小月亮🌙,原来这个才是她的老公
肖思成666,[赞][赞] @❤️杨木❤️
（九九）邓伦玉,[666][666][666][666][玫瑰][玫瑰][玫瑰][玫瑰]
程芳,现实生活哪有男人关心老婆的，好男人只有手机上才有
烟花再美也是一瞬间866,[玫瑰][玫瑰][玫瑰]
小梅,[赞][赞][赞][赞][赞]
快手用户1660890657630,[龇牙][龇牙][龇牙]
何07924,[666][666][666]
何07924,[666][666][玫瑰]
快手用户1636168044103,胖子真好
罗民,[赞][赞][赞]
开心07553,[赞][赞][赞][赞][赞][赞][赞]
User_1609560860639,[赞][赞][赞]
王梅,[玫瑰]
星海4681,[玫瑰][玫瑰][玫瑰]
小陈解说,[赞]
程英,[玫瑰][玫瑰][玫瑰]
米雪兒042,搬砖买洗衣机
User_1541911437755,@钞可爱~
许,[涂指甲][涂指甲][涂指甲]
丹枫145,阿春以前是强者现在怎么变成什么都做不好了，还是喜欢以前的你
园缘47020,夫妻还是原配好，胖子很疼老婆
小唐,[挑逗]
华华99719,胖子还好耶
MK阿田,一看就不像干活的样子[偷笑]
🍀来自《滇东北》的妞,没得琴琴在不好看了
伊一👣,好日子[赞][赞][赞][赞][赞]
孤雁南飞8888,姐姐，浪子回头金不换啊，好好享福吧[赞][赞][玫瑰][玫瑰][玫瑰]
王红恩施硒茶,[赞]
田园牧歌9617,[玫瑰][玫瑰][玫瑰]
邱素芬554,[爱心]
财哥8566,[玫瑰]
君子之交淡如水9724,[火][火][火][火]
扶🌸玉🌺兰,[赞][赞][赞][赞][赞][赞][赞][赞]
心静77310,胖子真的很好。
≮菟*菟㎏,[666][666][666]
美丽邂逅,[爱心]
周妹,[玫瑰][玫瑰][玫瑰]
晨杨456,[爱心][赞][666]
彭徳秀,@[赞][赞][赞][赞]
枯叶蝶3776,[666][666][666]
旺仔浩,[玫瑰]
User_1620565076986,没以前的真实好看了
容89119,[赞]
辰辰,[赞]
心如止水25551,[爱心]
陈芳1847,[赞]
胡娅422,[赞][赞][赞][赞][赞][赞]
YOYO💋802,[龇牙][龇牙][龇牙]
换位思考41269,[666][666][666]
老妈,[赞][赞][爱心][爱心][爱心][666][666][火][火]
花系海归,[赞][赞][赞][赞][赞][玫瑰][玫瑰][玫瑰][玫瑰][玫瑰][玫瑰][玫瑰]
康锋281,[666][666]
我不是黄蓉609,我老公说话口气也这样，但是对我好的很
快乐*心,[玫瑰][玫瑰][赞][赞][赞]
平安幸福,我老公不怎么会说，每天这么辛苦还给我买这买那的，我自己也感觉很心疼。
User_1626250913241,[赞][赞][赞][玫瑰][玫瑰][玫瑰]
如花,[赞][赞][赞]
记住你的好112,[捂脸][捂脸]
快手用户1654294544598,[赞]
君子兰08474,胖子其实很心疼人 只是不好表达 希望你们越来越幸福[玫瑰]
米粒儿,男的有点过了[捂脸][捂脸][捂脸][捂脸][捂脸][捂脸][捂脸][捂脸]
忘掉过去6805,[赞][赞][赞][赞][赞]
一步之遥3114,[捂脸][捂脸]
天马行空说影视,现在不是拍，是演，不好看了
＠lu749,[赞][赞][赞]
好人一生平安52608,给这好男人点赞支持，好样的[赞][赞][赞][赞][赞]
园丁,胖子真疼老婆，连饭都不让煮[赞][赞][赞]
杨193,[赞]
管轩轩❤❤,说话语气能气死人
开开心心,[爱心]
开开心心,[爱心]
丹丹白牡丹,[火]
紫罗兰,[赞]
六姐,[赞][赞][赞][赞][玫瑰][玫瑰][玫瑰]
韦霞630,[赞]
留的444,支持
顺其自然50091,[赞]
扎小女孩的辫子℡,[赞]
陶蓉526,[祈祷][祈祷][祈祷]
张桂敏,[爱心][爱心]
雨中漫步75735,[赞]
开心快乐28693,[捂脸]
平安就是福*296,[赞]
董玉琴576,[爱心][爱心][爱心][爱心][爱心][爱心]
木易,胖子对老婆真好[赞][赞][赞]
晚霞,阿春老公是用行动表达对阿春的爱[赞][赞][赞][赞][赞][赞]
彭春兰032,[爱心][爱心][爱心]
K歌之王7572,[鼓掌]
贝贝,[赞]
圆圆,刀子嘴豆腐心
人生难得？？一次醉！！,[爱心][爱心][爱心][爱心]
陪你看dian颖.,[捂脸][捂脸][捂脸]
陪你看dian颖.,[捂脸][捂脸][捂脸]
陪你看dian颖.,[捂脸][捂脸][捂脸]
漂洋过海来看你,[赞][赞][赞]
为自己,[666][666]
暮光好物分享,[666][666][666]
小乔卧龙山纪念园总经理15,这个胖子真好，找上这样的老公是上辈子修来的福气
杜美玲612,[赞][赞][赞]
遗憾,[捂脸]
沈8936,[赞]
叶东元妈,[玫瑰][玫瑰][玫瑰]
原来如此9-4,[赞]
你是个啥意思啊,[爱心]
李,[玫瑰][玫瑰][玫瑰]
老佛爷,你这个美女这么好的命呐，你你可是幸福呀，你这样一个老公可要好好的待她呀[赞][赞][赞][赞][赞][赞]
家有福宝两枚,以前的幸福我不知足，失去了才知道以前的我是多么都幸福，现在虽然苦希望会越来越好
洁怡妈咪,做一天水泥工，就能买洗衣机，换风格了，还是喜欢之前琴琴，跟姐姐的剧情
蘶832,[玫瑰][玫瑰][玫瑰][玫瑰][玫瑰]
别无选择。努力奋斗。,对，一个大男还是多疼疼老婆才对。
快乐小蝶,[玫瑰]
ysq0887,[赞]
AA艾尚阁珊珊,这女人也不简单哟，男人还挺多的
🐉¹⁹₈₈邓℘࿐,[火]
墨香我媳妇儿你们都别想了,[火][火][火]
东东39844,[赞][赞]
✌云南小晴儿,[玫瑰][玫瑰][玫瑰][玫瑰][玫瑰]
快手用户1646407492415,[666]
^☁️love暮夕,[666]
新新,[爱心]
开开心心31482,好！
好运,[赞][赞][赞]
User_1547044925331,[赞][赞][赞]
澎湃最单纯,[赞]
飞扬。。。，,[666][666][666]
恋鞠奶酥,@[玫瑰][玫瑰]
退休的老奶奶,[赞][赞][赞]
快乐每一天24627,[玫瑰][玫瑰][赞]
开心就是幸福,@[heart][heart]
老沈,[赞][赞][赞]
曾艳867,[赞]
TheOtherShore515,又换了一个人
小土豆,[666]
胡馨,[赞][赞][赞]
慕晨,[玫瑰]
蝶变新生,[666][666][666]
帮帮帮202,[爱心]
无可替代5498,[666]
鲜花盛开123,[玫瑰][玫瑰][玫瑰]
爱的💋 承诺741,[666][666]
祝小佳156,[666]
lijieliliao,就不会好好说话啊
豪猪069,[赞][赞][赞][赞][赞]
吴青华,[赞][赞][赞][赞][赞]
曾曾,@[赞][赞][赞][赞][赞][赞]
幻21641,怎么感觉刀不锋利
幻21641,好老公
《如心（ಥ_ಥ）,胖子也会做莱了[赞]
《如心（ಥ_ಥ）,胖子也会做菜了[赞]
淡然微笑～芹姐,都是演的，这个剧本看到太多了
陈小米麻麻,羡慕了
安心71399,[玫瑰]
黄天芳157003168,勤快
岁月流逝，时过境迁！,我猜他肯定买洗衣机去了
清秋啊啊啊啊啊,[赞]
＠洛安,[色]
一切随缘,[赞][赞][赞]
快手用户1661901868456,[赞][赞][赞][赞][赞]
灵心35,[玫瑰]
雕刻春秋,胖子人真好，阿春好福气。[赞][赞][赞][赞][赞][赞][赞][赞][赞][赞]
春暧花开712💐,[玫瑰][玫瑰][玫瑰]
完美一生6769,胖子哥是好男人[赞][赞][赞][赞]好好的爱阿春
绪林,胖子心好祝你们越来越好。
User_1577803080849,[爱心][爱心]
蒋万勇,[赞]
蒋万勇,[赞]
醉红颜6731,[哼][哼][哼]
粤语行者,[666]
蜜瓜（*^ω^*）,干一天的活都能买洗衣机[赞][赞][赞][赞]
岁月静好,[赞][赞][赞][赞][赞][赞][赞][赞]
暖阳83942,咋越看越觉拍得假了
悦诗歌听天命,[奸笑]
波哥,[赞][赞][赞][玫瑰][玫瑰][玫瑰]
慧姐,[赞][赞][赞]
太阳,老公会心疼人了
zx,[赞][赞][赞]
zx,[赞][赞][赞][赞]
芳草悠悠,作品非常好。
User_1581677623787,[赞]
笑看人生32639,[赞][赞][赞][赞]
康娜小卓玛,[赞][赞][赞][赞]
红花。202097,春妹子，早上好，你遇到的这个老公太幸运了好多人就为你羡慕嘞[赞][赞][赞][赞][欢迎][欢迎][欢迎][爱心][爱心][星星眼][星星眼][星星眼]
玲珑,[赞]
会飞的魚114,[赞]
农民华姐779,[赞]
清风挽心9007,[666][666][666]
龙妈妈238,[赞][赞][赞][玫瑰]
红桃,[赞]
平平安安2640,[赞]
颖儿很乖～,@颖儿很棒棒吖～
忆昔🔛幕流年,[666]
王熙然奶奶来了,[赞][赞]
怡可馨,如今幸福生活才是粉丝们所期待的，请继续加油[玫瑰][玫瑰][玫瑰]
周幺妹,胖子真好[赞][赞]
李二,[赞][赞]
陈妹,[赞][赞][赞]
🌻下壹站緈福💍,[赞][赞]
知足常乐01060,[赞]
meimei4908,[666]
代世兵刃,我那婆娘呢？姐
江霞041,好老公，就是说话不好听
爱坤,[笑哭]
小艳42475,[赞][赞]
海霞31366,[赞]
黎姐,[爱心]
美丽人生15671,[赞][赞][赞]
☕品味人生☕🍦,这个红烧肉做的不好[笑哭]
相识是缘68408,[玫瑰][玫瑰][玫瑰][玫瑰][玫瑰]
李敏96015,大男人也可以那么体贴[666][666][666][玫瑰]
桐桐22908,[玫瑰]
ying84067,[奸笑]
_橘子皮,[赞]
顺其自然,[赞][赞][赞][赞]
金手指,怎么变成秀恩爱了[捂脸]
WYyy,[赞]
小刘0798123,[玫瑰]
陆,喜欢看你的视屏为你点赞[玫瑰][玫瑰][玫瑰]
思凯&an,[赞]
真爱一生,[赞][赞][赞][赞][赞]
戒哥,[笑哭]
！！,[玫瑰][玫瑰]
燕，明天会更美好，所以要,[玫瑰]
桃花蜜水,早上好美女[爱心][爱心][爱心][爱心][爱心][爱心][爱心][爱心][爱心]！
一盘幽菊,[比心]
和平精英.馨宝,[赞][赞][赞]
王文英17,[爱心]
述明,阿春有福气找到这么好的老公[赞][赞][火][火]
清秀4026,[赞]
平安就好21696,现在知道心疼珍惜这失而复得的人了
☘️天山雪莲☘️,[赞][赞][赞][赞]
洋洋18941,[赞]
一帆风顺81160,[赞][赞][赞]
谢桂枝意龙国际7-12-3,[赞][赞][赞][赞]
YU ZHONG   WANG DIAO,[赞]
y加油💪努力过后必喜悦,作
User_1554611839213,[赞][赞]
一只小零🧸，,[玫瑰][玫瑰][玫瑰]
手心的蔷薇,我也讨厌这样说话，囗里没一句实话
祝叶子213,视频都拍了，我们都知道你不知道？
叶睛汐,好男人
心雨,[赞][赞][赞]
小小哦,[666][666][666]
Tobay995,放那么多糖不会很甜腻吗？
春天花真会开,[赞]
？？01013,[灯笼][灯笼][灯笼]
mαn♥,[赞][赞][赞]
心情髑c.,[赞]
沙漠1075,[玫瑰][玫瑰][玫瑰]
ⅩIAO XIHN HAI,[玫瑰][玫瑰][玫瑰]
谁懂＆人心薄凉,[摸头]
快手用户1643290817788,[玫瑰]
你若安好，那怎么得了＠,越看越不喜欢了
💰,[玫瑰]
筱筱,[玫瑰][赞]
别❤来💝无🌹恙,[玫瑰][玫瑰]
人骨相思谁人懂。,[666][666][666]
阖家幸福5115,[赞][赞][赞]
起风,[赞]
文90820,@[玫瑰][玫瑰][玫瑰][玫瑰]
刘香兰462,[赞][赞][赞]
刘香兰462,[赞][赞][赞]
QⅰongQⅰong,胖子心还是好的，就是说话不好听
美好时光,啥都做了，就是有时说话让人听起来不舒服
缘木求鱼335,[666]
开心每一天04871,[赞][赞][赞][赞]
缘木求鱼335,[666]
一颗糖820,[笑哭]
夏凤珍,[赞]
快手用户1637028642828,[赞][赞][赞]
yang00422,[玫瑰]
峰回路转50864,[玫瑰]
美梦成真,[赞][赞][赞][赞]
不变的承诺4738,胖子姓啥啊越听越像我游戏朋友声音[捂脸]
夏雨初晴,[赞]
墨兮♥！,胖子对阿春好，知道心疼老婆[赞][赞][赞]
幻^O^雪683,[玫瑰][玫瑰][玫瑰][玫瑰][玫瑰][玫瑰]
User_1577925505306,[赞]
田仁书,[666]
蝴蝶34769,[赞][赞][赞][赞][赞][赞]
🌸胡呆呆的头🍡,[玫瑰]
小浩点,[赞]
快乐每一天00562,[赞][赞][赞][赞]
～浪漫☆樱花～942,[赞][赞]
清清,[赞][赞][赞]
涛👀涛,[赞][赞]
幸福家人32033,[赞]
桂方,[赞][赞][赞][赞][赞]
娃哈哈,[赞][赞][赞][赞][赞][赞]
快手用户1639221252592,胖子的心还好[赞][赞][玫瑰][玫瑰][爱心][爱心]
开心就好79364,[赞][赞][赞]
好好说,[爱心]
匡爱珍,[赞][赞][赞]
快乐燕子,[赞]
🌹小妍（՞•Ꙫ•՞）,[赞][赞][赞]
枫叶28847,[赞][赞]
liujunhua凝琪,"胖子回来了，阿春都
用干活了"
永远幸福54467,[赞][赞][赞][赞][666][666][666]
更新,还是喜欢以前的阿春
快手用户1631647440345,[赞]
卿心365,[玫瑰][玫瑰][玫瑰][玫瑰]
刘小容647,[赞]
User_1579876856780,[赞][赞]
潇洒的微笑005,[赞][赞]
柠檬不檬,[赞][赞]
蒙山仙茶,[赞][赞][爱心]
袁素英329,[赞][赞][赞][赞]
刘彬4482,@很好[赞][赞]
荏苒冬春去，孤芳不自赏,找男朋友这么容易，老高呢？
朱洪,[玫瑰]
山居艳子,[玫瑰][玫瑰]
天天快乐,[玫瑰][玫瑰]
钟爱玲＆圆,[赞][赞][赞][玫瑰][玫瑰][玫瑰]
浩荣,[赞]
惜缘爱一生,[赞][赞][赞][赞][赞][赞]
happy＠,[玫瑰][玫瑰][赞][赞]
向往未来,[玫瑰]
刘凤莲487,[赞][赞][赞][赞][赞][赞][赞]好丈夫
客舟听雨945,[赞][赞]
平常心99663,你心痛他，他心痛你，这才是双赢
yes44309,[666][666][666][666][666]
宁晨玉琴,[捂脸][捂脸][捂脸]
☀翩翩少年,[捂脸]
鞠 祎 琳¹,[赞][赞][赞]
飘絮,老高是对阿春越来越好了
号轩，……,[赞]
User_1594884265094,[赞][赞][赞]
严选好物分享,[玫瑰]
🍀难  以🌴释怀🍁,@[火][火][火]
叶孑,[玫瑰][玫瑰]
上师你好,[赞][赞][赞]
刘大嫂853,[赞]
香20600,[赞][赞]
是心糖呀,[666]
我是吴梦瑶,手机亮了吗
阳光灿烂13482,[赞][赞][赞][赞][赞][赞]
花开花落2998,[赞][赞][赞]
王均明388,[赞][赞][赞][爱心][爱心][爱心][玫瑰][玫瑰][玫瑰]
珍惜,[玫瑰]
秀,[赞][赞][赞][赞][赞]
无聊57759,[玫瑰][赞][爱心]
liuwei,[玫瑰][玫瑰][玫瑰][玫瑰]
秀秀72477,[赞]
微微一笑48566,[赞]
雨后3157,[666][666][666][666][666][666]
科锦未来可期。,[赞][赞]
兰*^_^*轩,[赞]
快手用户1647133907935,[爱心][爱心]
青橙00877,[赞]
不离不弃54778,[赞]
梁云517,[赞]
幸福的甜蜜060,[爱心][爱心][爱心][爱心]
琼老大644,[赞][赞][赞]
腾飞,[赞]
快手用户1646032730567,[赞]
啊祥服装之家,我们家一年四季都是我做饭
啊祥服装之家,这男的[优秀][优秀][优秀]
开心快乐69214,[赞][赞][赞][赞][赞][赞]
手可摘星辰,[赞]
。删除過往～,上次是那个男人，这次是这个男人
芮雪434,[赞][赞]
〆顾初,[笑哭]
dhhd,[赞]
天天好心情06611,[赞]
晓斌1846,[赞][赞][赞]
一佛成天,😂
快手用户1668288108193,[玫瑰][玫瑰][玫瑰]
香77273,[赞][赞][赞]
快乐天使77697,羡慕你有这样的老公[玫瑰]
佰纳海川003,[爱心]
User_1580655367432,[赞]
晴空万里02529,[666]
珍惜缘分9001,[赞][赞]
清风63045,[火]
五月的花844,[龇牙][龇牙][龇牙][龇牙][龇牙]
我讨厌不回信息的人,[玫瑰][玫瑰][玫瑰][玫瑰]
海洋24330,[玫瑰][玫瑰][玫瑰]
十里春风不如您301,[玫瑰][玫瑰][玫瑰]
自然74638,[赞][赞][赞]
我中771,[龇牙][龇牙][龇牙][龇牙][龇牙][龇牙][赞][赞][赞][赞][赞][赞]
🎐蓝天白云🎐879,[玫瑰][玫瑰][玫瑰][玫瑰][玫瑰]
希望未来幸福860,[玫瑰][玫瑰]
杨哥,[赞][赞][赞]
阿会7315,阿春，你的胖子对你很好啊！
张贵宣,[赞]
付琼290,[赞][赞][赞]
碧绿芬芳,[赞][赞][赞][赞]
莫名,[玫瑰][玫瑰][玫瑰]
梦中情.wap.,[666][666][666]
Lqunyu.,[赞][赞][赞]
快手用户1652535282701,[赞][我爱你][比心][右拳]
一帆风顺90309,[赞][赞][赞][赞][赞]
无名49401,福气好
忙到什么时候,[赞][赞][赞]
浅柠半夏🍀🍀🍀🍀,[赞]
一帆风顺00005,真幸福[赞][赞][赞][赞]
孤单4542,[赞][赞][赞][赞]
做好自己💁031,[捂脸]
凤姐,[赞][赞]
女92990,[666][666][666][666][666][666]
茜4826,浙江男人都勤劳的
飞哥80211,没有以前拍的有意思了，男人特别假
依妮，,一天直播卖货，哪儿用的着找工作，[捂脸]
孔德珍,[捂脸][捂脸][捂脸]
子轩48566,[赞]
欣欣70089,[赞]
翰墨漂香,有点不真实[捂脸][捂脸]
晏二姐,[玫瑰][666][666][666][666][666]
世勋是我男神,[赞][赞][赞][赞][玫瑰][玫瑰][玫瑰]
Stephen1229,[捂脸]
一一,[赞]
看似有个家736,[赞][赞]
随意70249,[赞][赞][赞][赞]
依然34356,变得越来越夸张了，能不能好好按照平淡生活来拍
广汉市豪门机面厂,[玫瑰]
平安00109,[赞][赞][赞][赞][赞][赞][赞]
全家平安是福,是个好男人[赞][赞][赞]
彭波,[赞][赞][赞][赞]
人活着开心,很好
快手用户1636235147957,[赞][赞]
初次飘雪,[赞][666]
兰花,[玫瑰]
梅子48462,[玫瑰]
☆春暖花開♀,[右哼哼]
宇桐非254,[玫瑰][玫瑰]
User_1579912438472,人家浙江人说话就是这样，阿春给你老公点赞[赞][赞][赞][赞]
忆苦思甜8372,[哼]
春燕,[玫瑰]
夕阳红。,[扎心][扎心][扎心][扎心][扎心][扎心][扎心][扎心][扎心][扎心][扎心][扎心]
徐尚容,[赞]
兰庭,[赞][赞][赞][赞]
已经对你没有信心了,[赞]
。33051,[赞][赞]
兵兵7938,阿春挺幸福
a81469,[666][666][666][666][666][666][玫瑰][玫瑰][玫瑰][玫瑰][玫瑰][玫瑰][玫瑰]
平凡人生^ω^421,这两个人太好了
岳岳,[赞][赞][赞]
淑,[爱心]
刚刚,[666]
梦81111,好男人
春暖花开,[赞][赞][赞][赞]
李楠,[赞][赞][赞]
文文43261,[赞]
快乐新华609,@[666][666][666][赞][赞][赞]
美丽的春天,[赞][赞][赞]
酌情620,胖子是个好男人呢[赞]
幼稚园的菇娘,[赞][赞][赞][赞][赞][赞][赞][爱心][爱心][爱心][爱心][爱心]
陈保粮,[赞][赞][赞]
文德菊,[赞][赞][赞][赞][赞]
花开花落64368,[色][赞]
若渺,[赞][赞][赞]
顺天869,[赞][赞]
希望明天会更好4178,@[赞]
顾冉呐,[星星眼][星星眼][星星眼]
琼芳,好老公啊！[赞][赞][赞]
🌷看淡🌺人生🌸,[赞][赞][赞][赞][赞]
〈仰望幸福,[玫瑰][玫瑰][玫瑰]
开心就好了吧，对吧,挺好的
孔祥群468,[赞][赞][赞]
快手用户1631569155918,@[爱心][爱心][爱心][爱心]
ღ᭄ꦿ为了生活加油⁵²º,我发现了一个问题，就是所有拍美食短视频的用的菜刀都是这种，是不是这种菜刀真的很好用啊？
清楚tdcg,[赞][赞][赞][玫瑰][玫瑰][玫瑰]
夏天19990,[赞][赞][赞][赞][赞]
毛毛,[火][火][火][火][火]
彬哥,[赞][赞][赞][赞][赞][赞][赞]
小英87114,[爱心][爱心][爱心][玫瑰]
路香芬,[爱心][爱心][爱心]
莲2066,阿春现在享福了哦，胖子老公真贤惠啊[赞][赞][赞][捂脸][捂脸]
逗爷693,阿春以前老公不是老高吗？怎么又多了胖子呢
tws,[赞]
tws,[赞]
陈,@[666][666][666]
从天而降,胖的男人心好关心人
淡淡の、清香15204,[赞][赞][赞][赞][赞][赞]
廖继英817,@[赞][赞][赞][爱心][爱心][爱心][玫瑰][玫瑰][玫瑰]
菊62072,[玫瑰]
山清水秀87465,[玫瑰]
我的精力就那么些,[赞][赞]
王红梅,[赞][赞][赞][赞]
遥远的天空807,[龇牙]
黄明英419,[赞][赞][赞]
菲常爱音乐,[赞]
青草2111,[赞][赞]
心如止水52512,[玫瑰][玫瑰][玫瑰]
农村小妹☞苏妹儿,不带手套[捂脸]
可可相思豆,[赞]
尚为英,[赞][赞][赞][赞][赞][赞][赞]
红牡丹7310过,[赞][赞][赞][赞][赞][赞][爱心][爱心][爱心][爱心][爱心]
欧建荣,[赞][赞]
神密人,[赞]
干惠虔,[火][666][玫瑰]
谁懂我心&192,好羡慕[666]
心如止水09984,[烟花]
明天会更好10157,[捂脸]
孜孜不倦🌙✨⚡🌹🌼🎄,[爱心]
小云云7604,[赞]
飄落的楓葉343,[赞][赞][赞]
增先718,[玫瑰][赞]
OlNFUJU雪儿,[火][火][火][火][火]
段姐养猪,[赞][赞][赞][赞][赞]
庞春连341,[玫瑰][玫瑰][玫瑰]
会……心,[赞]
敏35699,[赞][赞][赞][赞]
杨杨,[赞][赞]
红尘有你,[赞][赞][赞]
花香77505,[赞]
歲月、靜好769,文案越来越像小春花了
User_1589452496607,[玫瑰]
黄蓉3472,[赞][赞][赞][玫瑰][玫瑰][玫瑰]
是多余ya,太美了
希望86677,[赞][赞][赞][赞][赞][赞][赞][赞]
心愿51311,[赞]
浪漫小熙&,凡事不能只看表面，可能是以前对她不好，现在后悔了在改才想追她回来复婚
小芳65667,[赞][赞]
圈圈⭕,[赞][赞][赞][赞][赞][赞][赞]
一颗心陪你飘到天涯和海角,阿春可以开饭店
秀英,[赞]
User_1557302995946,[赞][赞][赞]
笑口常开57653,胖子也体贴人[赞]
红红70773,嘴硬心软
轻尘烟云,[赞][赞][赞][赞][赞][赞]
香香72274,[赞][玫瑰]
李桂珍,[爱心][爱心]
赖维学,[赞][赞][赞][赞]
星空04316,胖子人还不错[赞][赞][赞]
Coolwoman,[赞][赞][赞][爱心][爱心][爱心][哦][哦][哦]
尽心尽力4670,[玫瑰]
彩彩062,[赞][赞][赞]
明天更好,[爱心]
柳絮花飞（逗味蛋糕）,[666][666][666][666]
老八,[哦]
蒙姐~故事会,[赞][赞][赞]
希望每天都要有好运连连…,我也是真正的好多年都没有工作了，也和社会脱节了……你们还能拍视频直播，我啥都不会……
顺其自然80577,[赞][赞]
刺猬1504,[赞]
时光一眨眼608,[赞][赞]
缘分00567,阿春挺好的
幸福点,[玫瑰][玫瑰][玫瑰]
安芬324,[捂脸][捂脸][捂脸]
KKAATTRRQQ,[赞][赞]
伊韵雪舞,[爱心]
新的一年,[赞]
相信自己81959,[玫瑰][玫瑰][玫瑰]
顺其自然96452,[赞][赞]
半只小藏,[赞]
乡村恋情（华美）,[玫瑰][玫瑰][玫瑰][玫瑰][玫瑰][玫瑰][赞][赞][赞][赞][赞]
快手用户1627529695502,[赞]
太阳97075,[666][666][666][666]
User_1612330182268,[赞][赞][赞]
徐徐微风,[玫瑰][玫瑰][玫瑰]
黄小姐,[赞]
玫瑰花,拿两个手机哪一个错[捂脸][捂脸][捂脸]
陈玉兰1263,阿春的老公太好了吧[赞][赞][赞]
百合77208,[赞][赞][赞][赞]
兰色的梦,勤快[玫瑰]
七七玲子,[赞][赞]
七七玲子,[玫瑰]
雨,[赞][赞][赞][赞]
User_1569477222373,[赞]
cloud''.,[星星眼][星星眼][星星眼]
回忆,[赞][赞][赞][赞][玫瑰][玫瑰]
刘姐84660,[赞][赞][赞][赞][赞][赞][赞][赞][赞][赞][赞]
流星雨23194,[捂脸][捂脸][捂脸][捂脸][捂脸][捂脸][捂脸]
相逢是缘13436,[666][666][666]
User_1578485002627,[赞]
樱花梦8020,[玫瑰]
听、这一季雨落653,[赞][赞][赞]
陈孝兰,[欢迎]
李国蓉319,@[赞][赞][玫瑰]
笑开心56844芳家军,真是好老公[赞][赞]
缘来是你,[赞][赞][赞]
一生平安69960,[赞]
蝴蝶兰的美706,[玫瑰][玫瑰][玫瑰][赞]
平安快乐82317,胖子还是会关心阿春
顺其自然02896,不喜欢你们的视频了
蝶蜻花语626,[玫瑰]
君子兰67889,被宠的女人
研希,放这么多糖
User_1580103542993,[赞][赞][赞][赞][赞]
幸福一家人83264,这才是个好男人[爱心][爱心][爱心][爱心][赞][赞][赞][赞]
周启秀570,[玫瑰][玫瑰][玫瑰][玫瑰][柴犬]
银银0226,[赞][赞][赞][赞][笑哭][笑哭][笑哭][笑哭]
人生如梦54272,[赞][赞][赞]
兴荣9612,你真有福[赞][赞][赞][666][666]行了好老公[666]
User_1618017536502,[玫瑰][玫瑰][玫瑰]
向云琼879,[666][666][666][赞][赞][赞][福字][福字][福字]
ꕥ᭄饿梦已醒ꦿঞ🕊,就不能好好说话
✨💦缘💦份✨,[笑哭]
欢乐无比477,@[玫瑰]
花开花落01931,好男人
我的温暖留给家人,[666][666][666][666]
别忘了,[玫瑰]
平安,这个男人真好
子潇萌子,[赞][赞]
温馨与甜蜜491,这个老公好[赞]
佳音,煮哪么多肉吃得完吗
榕绒029,演戏，不好看了
姐就是规矩👑女王心,胖子真好[赞][赞][赞]
晓晓,@[玫瑰][玫瑰]
陈建华1982,[玫瑰]
飞扬,你家好穷啊，洗衣机坏了两年了，对打动人心的其实是最平凡真实的生活！
ঞ᭄余生终未归᭄ꦿ้࿐,[玫瑰][玫瑰]
追梦人88459,[玫瑰]
玉绣699,[爱心]
无意识碎片,[玫瑰][赞]
驿寄梅花693,[666][666][666]
春天,这个女人有福气。全天下。好难找这样的男人。为这个男人点赞。女人好命。[龇牙][龇牙][龇牙][玫瑰][玫瑰][玫瑰][玫瑰][玫瑰][玫瑰]
真爱永恒42922,[捂脸][捂脸][捂脸]
简单的小幸福710,[汗]
刘荟勤831,一样的男人不错[赞][赞][赞]
农村兵哥（小号）,[赞][赞][赞][赞][赞][赞][赞][赞][赞][赞][666][666][666][666][666][666][玫瑰][玫瑰][玫瑰][玫瑰][玫瑰][玫瑰]
邓德杨,[赞][赞][赞][赞][赞][赞]
侯伟,胖子还是不错的！就是不会好好说话！
随风而去,[色][色][色][色][色][色][色][色][色]
微风细雨6359,[赞][赞][赞][玫瑰][玫瑰][玫瑰]
yang,[赞]
明月,胖子很不错了，里外都忙得不停，生活中就是要有这样的男人[赞][赞][赞][玫瑰]
快手用户1672909989263,[赞][赞][赞][玫瑰][玫瑰]
巧克力^ω^（｡･ω･｡,@[赞][赞][赞]
FUYingMei,[玫瑰][玫瑰][玫瑰][玫瑰]
兰兰99688,胖子对阿春真心好
陈43586,[爱心][爱心][爱心]
幸福05843,[赞][赞][赞][赞]
方玉 🍁,[赞][赞][赞]
易淑群,[赞]
心语ᝰ✘,妹妹去哪了
快乐,[玫瑰][玫瑰][玫瑰]
陌然忆尘176,[玫瑰][玫瑰][玫瑰][玫瑰]
蛤花,[捂脸][捂脸]
彬彬6114,[玫瑰]
锦绣兰花,胖子虽然不怎么会说话，但还是很会心疼人的，希望你们越来越幸福。[赞][赞][赞][赞][赞]
快手用户1633135403714,生活有这样的老公真幸福，希望不是为了拍视频。
豪儿,[赞][赞][赞]
🌼 香830,[玫瑰][玫瑰]
瑲茕,[玫瑰]
快手用户1637646327321,[赞][玫瑰][玫瑰]
AAAAAA周先生,[赞]
冰水,[火][火][火][赞][赞][赞][赞]
零度,[666][666]
本来袁浅  奈何琴深,阿春同款西装
开心果02453,[玫瑰][玫瑰][玫瑰][玫瑰]
心❤️涵意冷,偷偷摸摸买洗衣机去了
释怀39227,@[赞][赞][赞]
天应遂我愿,剧情而已
🤘🤘🖕🖕✋✋✋,他们不是离婚了吗…
秀57735,[666][666][666]
三姐76950,[赞][赞][赞]
爱自己,[666][赞][玫瑰]
小王嬢嬢,[赞][赞][赞][玫瑰][玫瑰][玫瑰]
芬09539,[赞][赞][赞]
樱玖♡̶,[666]
春夏秋冬27938,还是之前和琴琴一起拍的美食视频好
快手用户1646280547107,[赞]
缘梦02102,[666]
友哥，这是孙子的头像,[赞][赞][赞]
平安是福07760,[赞][赞][玫瑰][玫瑰][玫瑰]
L L,[赞]
家和万事兴,胖子就是不好好说话，这样说话不爱听
黄丽霞女仕,好幸福啊[赞][赞][赞][赞]
改变命运,又换老公了
明天会更好74217,[赞][赞][赞]
平安是福03140,[龇牙]
秀秀06641,[赞][赞]
好人一生平安:池世群,[赞][赞][赞]
水晶之恋唯一,[玫瑰][玫瑰][玫瑰]
柠檬&&,[火][火]
平淡人生06639,[赞][赞]
DJ,[赞][赞][赞][赞]
God loser.13,[玫瑰][玫瑰][玫瑰]
天使的眼泪436,[赞]
罗带同新,这才是好男人[赞]
小火苗,[抱抱][抱抱][抱抱]
留不住的岁月146,[赞][玫瑰][玫瑰]
妮妮宝贝们呀,老婆？[龇牙]
水晶46981,好丈夫[赞]
顺其自然,好假
王群先（鲜肉）,[赞][赞][赞][爱心][爱心][爱心]
User_1607481438087,[赞]
兰姐,[赞][赞][赞][赞][玫瑰][玫瑰][玫瑰][玫瑰][玫瑰]
hoxiaoling,[666]
若不爱请遗弃！,几个老公？
开心就好60735,[赞]
希望每天都要有好运连连…,@小青袭击你
淡然若水900,[赞]
"*`、果冻ˇ,🦁",那么好之前为什么要离，没话题了吗？
辣妈89790,[赞][赞][赞]
一生相伴63615,拍视频就花不完的钱，还上什么班
梅96948,[玫瑰]
快手用户1634878606670,听到胖子说“你做的饭能吃吗？”感觉真的是剧本了。阿春和琴琴在一起时天天做美食，编剧忘了？
梅姐53051,[祈祷]
相逢是缘,[赞]
微微晨风,[捂脸]
小米辣🍎,这五花肉太肥了[哭笑]
快手用户1658137182936,[666][666]
不明白708,[火]
魏育兰712,[赞][赞]
魏育兰712,[赞][赞][赞]
张淑芳5315,[赞][赞][赞][赞]
涛声依旧,你们家琴琴去哪里了？
玫瑰21423,[赞]
User_1594723788998,家家都有一本难念的经，做好自己才是真正的好！[赞][赞][赞]
yy75279,[赞][赞][赞]
米拉（江枫家超管）,[赞]
独立3555,@[赞][赞][赞][赞][赞][赞]
琴中古曲是幽兰160,@[赞][赞]
陈秀容362,:[赞]:[赞]:
mYY星月,看到好男人都是别人家的
路边的小疯子,[玫瑰]
老大,[赞]
💘余生ᝰ随心🥀,[赞]
映阳天,[玫瑰]
芬芳 💝018,[赞][赞][赞][赞][赞][赞][赞][赞][赞][赞][赞][赞]
abby,[赞][赞][赞]
文琴345,[赞][赞][赞][赞]
我就是我,[捂脸]
孔9073,[赞][赞][赞][赞][优秀][优秀][优秀]
幸福一生🌸,[爱心]
英53497,[赞]
如玉似锦,[赞][赞][赞][赞][赞]
飞翔,[赞][赞][赞][赞][赞][爱心][爱心][爱心]
好运来94117,[奸笑]
美好的未来0338,[赞][赞]
User_1621231919367,[赞][赞][赞]
依赖.伱,妹妹去哪了
静怡,[玫瑰][玫瑰]
李,[赞][赞][赞][玫瑰][玫瑰]
芳姐3135,[火][火][火][赞][赞][赞]
简简单单,[爱心][火][666][玫瑰]
辛运草周周（ZR）,[赞]
神经蛙30885莉姐,[赞][赞][赞]
E78353,去买洗衣机
曾鸿春020,[爱心]
火凤凰35005,[赞][赞][赞][赞][欢迎]
明天会更好88921,[赞][赞]
米可,[玫瑰][玫瑰]
桉桉专卖铺子,[火][火][火][火]
月月,[玫瑰]
飘雪盲人,[玫瑰][玫瑰][玫瑰][玫瑰][玫瑰]
一天又一天😆541,[赞][赞][666][666]
秦霜822,[玫瑰]
静静煕煕150,[666][赞][赞]
刘荣,[赞][赞]
杏姐21,自从来了胖子就不喜欢看你这个视频了
摇摇车,[玫瑰][玫瑰][玫瑰][玫瑰][玫瑰][赞][赞][赞][赞][赞][赞][赞]
笑脸常开,[赞][赞][赞]
忘忧草76932,[赞][赞][赞][赞][赞][赞]
忘掉   ，回憶,[玫瑰]
快手用户1634358672536,[玫瑰][玫瑰]
凤儿9475,[玫瑰]
秀丽22279,你好[玫瑰]
ff❤️💙💜,好假
开心一百,[赞][赞][赞]
周群413,小妹这就是幸福[赞][赞][赞]😁
爱很美,[火]
森林07894,[赞][赞][赞]
Yeah~525,[赞][赞]
开心一天9502,[赞][赞][赞]
莉莉29480,[赞][赞]
单💝身💗💞 ∧_,[爱心]
贵了,[玫瑰]
快手用户1648110360226,[跪下][跪下][跪下][跪下]
静静爱漫剪头像,@[赞][赞][赞]
白粥986,演
春天31537,[哼]
金/鑫.🍼,[赞][赞]
秦良蓉,[赞][赞][赞]
啊波7227,做了一天工，衣服怎么一点都不脏了。[疑问]
yin6899,[666]
温馨的港湾3148,[赞][赞][赞][爱心][爱心][爱心][玫瑰][玫瑰][玫瑰]
一帆风顺06376,越来越不好看了[捂脸]
兜兜,[爱心]
集美【美甲 美睫 纹绣】,[龇牙]
心意,[火][火]
花。,[呆住]
花。,[委屈]
诏义,[赞]
六月,[赞]
月嫂-程米果木王子,[赞][赞][赞]
再度重逢007,[呆住]虽然是好老公？说话语句那么重
人生如梦77388,我也不喜欢胖子说话的语气
婉猪776,[爱心]
静待HK597,[赞][赞]
岁月静好85896,[赞]
云燕9425,[赞][赞][赞]
🌺爱你一生🌺嘟嘟,早上好老乡妹妹[赞][赞][赞][赞][赞][赞]
夜浪风明,[赞][赞][赞][赞][赞][赞][赞][赞]
暴风雨的前夕,好
陈忠宇568,[龇牙][龇牙][龇牙]
章五孃,[赞][赞][赞][赞][赞][赞]
思念.💖708,真的有这么好吗？
兰兰58400,[赞]
韩长风,骗子
潇洒哥46794,[玫瑰]
老姜62913,[赞]
咫尺天涯,[玫瑰]
快乐新华717,@胖子[666][666][666][赞][赞][赞]
小雪儿181,[赞]
雾里看花,[赞][赞]
阳光灿烂,[火]
芳姐82605,[赞][赞]
淋湿ᵈᵉʳ小熊_.,为胖子点赞[赞][赞][赞][赞]
艾兰,[赞]
李成君027,[赞][赞]
开心就好689,胖子跟阿春说话，如果换一种说话方式，那样，阿春心里就更舒服了
芳姐（๑°3°๑）,[赞][赞][赞][赞][赞][赞]
罗英,[玫瑰]
刘闽景观防腐木工程,[赞][赞][赞][赞][赞]
施宝宝呀,[赞]
User_1568588691127,胖子真不不错。
编号：百事可乐,[赞][赞][赞][赞]
＠星星之火＠033,[666][玫瑰]
三缺一,[赞]
快手用户1642914536910,[赞]
吴长秀,[爱心]
落幕时,[赞][赞][赞][赞][赞]
岁月静好，勿扰,[赞][666]
🍓如燕🇨🇳,[666][666][玫瑰][玫瑰][玫瑰]
雨季,[爱心][爱心][爱心][爱心][爱心]
合川爱川,[666]
爱的地点😜,[比心]
向胜容,[赞][赞][赞][赞]
受伤的心已碎066,[赞]
愿时光会倒流就好你好,[赞]
胡芳兰627,这老公还可以嘛，知道心疼老婆[赞][赞][赞]
💞꧔ꦿ忘了᭄꧔ꦿ᭄💞,[赞][赞][赞]
梅花堡主,[赞][赞][赞]
🎶 半生缘🎶,以前阿春和琴琴拍视频的时候，都是阿春保护琴琴，所有事都自己做了，现在阿春有老高这个男人照顾了，阿春也成小女人了[奸笑][奸笑][奸笑]
大萝卜,[赞][赞][赞][赞][赞][赞]
快手用户1650436766639,[666][666][666][666][666][666][666]
123456789,[呆住][呆住]
快手用户1650436766639,[赞][赞][赞][赞][赞][赞][赞][赞]
叶子08297,[火]
吉祥如意,[火]
🌿 🍀 咎  由  自  取,[赞][赞][赞]
最美的相遇,[666][666][666]
逸梦|°з°|,[火][火][火][火][火][火][火][火][火][火][火][火]
心语心愿52842,[赞][赞][赞]
Loog tai tai,[玫瑰][玫瑰][玫瑰]
张维英469,@[666][666]
开心每一天,[666]
梅22929,[火]
孔雀9471,，
山娃,嫂子很贤惠。大哥也很暖心。[赞][赞][赞]
期望,伴子对阿春是真好[赞][赞][赞][赞]
燕子55956,[赞]
烟花炮竹纸火专买店,[玫瑰]
一笑5139,男人真好，阿春幸福[玫瑰][玫瑰]
其乐容容322,[爱心][爱心][爱心][爱心]
春天,[赞][666][肌肉][玫瑰]
风铃家三千金,[赞]
Happy💑677,[玫瑰]
漫漫人生路,[赞]
漫漫人生路,[赞]
柯柯,[赞]
靠自己,[赞][赞][赞][赞]
幸福一家人77451,[赞][赞][赞][赞]
老大,[666][赞]
User_1580440321368,@[赞][赞][赞]
快手用户1670838337196,希望你们都好
冉治勤,[玫瑰][玫瑰]
幸福之家66564,[赞][赞][赞]
天天乐,[赞][赞][赞][赞][赞][赞]
猪猪87634,[赞]
文兰,[赞][赞][赞][赞][赞]
刘妹,[玫瑰][玫瑰][玫瑰]
老水,好好珍惜，祝你们幸福快乐[赞][赞][赞]
（o^^o）肖,[玫瑰]
努力奋斗43610,[赞][赞]
蓉蓉04436,胖子真好
小情绪54447,[赞][赞][赞]
罗宇桐🌹,@[赞][赞][赞][赞][赞]
无名,[赞]
王小容,[赞]
红叶28054,[赞][赞][赞]
小妹（怀玉）,[赞][赞]
瑶瑶,[赞]
幸福人生75573,[666][666][666]
安静15511,[火][火][火][火][火]
周末有约卿小青,[爱心][玫瑰]
玫瑰53457,[火][火]
可可14052,[爱心]
小珍,[玫瑰][玫瑰][玫瑰]
可惜,[玫瑰]
老陈78252,[赞]
开心每一天70747,[赞]
高夫人,[赞][赞][赞][赞][赞]
快乐,[赞]
User_1614090493483,[赞]
、一生幸福小顾,[龇牙][龇牙][龇牙]
忘情不是洒脱,[赞][赞][赞]
曾付林,[赞][赞][赞][赞][赞][赞][赞][赞][赞]
健健康康才是福108,这么好的男人，阿春当初怎么说他不好啊？
西吾姐,[赞]
桂贵,[赞][赞][赞]
逍遥哥哥,[666][666]
家人平安快乐每一天,@[赞][赞][赞]
美美31150,咋个感觉没以前真了呢！
开心妹,胖子变得很好了
幸福约定👑279,[赞][赞]
我的春天8089,这个男人演的太到位了[赞][赞]
优雅18781,[玫瑰]
永不分离6551,[赞]
幸福快乐永久472,[爱心][爱心][爱心][爱心]
天天开I心,[玫瑰][玫瑰][玫瑰][玫瑰]
八妹7769,[赞][爱心][玫瑰]
吉祥如意53989,[赞]
橘香657,[赞]
美好时光,[狗]
美丽的人生0741,[赞][赞]
知足常乐98844,[赞]
乔乔,[赞][赞][赞]
郑欢359,[爱心][玫瑰]
美好时光,[网红猫]
张琼4487,胖子对春姐不错[赞][赞][赞]
李治良,[赞]
TA,[赞]
追忆8232,如果现实生活中有这样的男人值得珍惜[赞][赞]
小瑞886,[赞]
张永林636,[玫瑰][赞]
雨后的彩虹55335,[赞][赞][赞][赞][赞][赞][666][666][666][玫瑰][玫瑰][玫瑰]
向辛福出发41,@[赞]
13/月32号🌹,这样好的男人   世上还有么？
幸运天使,全是肥肉
一天77641,[火][火][火]
群,[赞]
芳KK7OeF4t,[玫瑰][玫瑰][玫瑰]
甯三416,[赞]
小苹果nice,[666][666][666]
梦寻千古香132,[赞][赞][赞][赞]
王。我自己,[赞][赞][赞]
幸福之家,[赞][赞][赞][赞][玫瑰][玫瑰][玫瑰][玫瑰]
二丫,@[赞][赞][赞]
相守1803,[赞][赞][赞][赞]
心语,[玫瑰]
快手用户1652489160083,[赞][赞][赞]
梅香8050,[赞][赞][赞]
冉合英675,[赞][赞]
幸福17412,[笑哭]
开朗网友,[赞]
🐳🐳月月红,[赞][赞][赞]
逆袭风妹,[捂脸][笑哭][赞][赞][赞]
User_1615533208146,[赞][赞]
妳婼不離我定不弃830,[爱心]
幸会9534,[赞][赞][赞]
田春兰,[赞][赞][赞][赞][赞][赞][玫瑰][玫瑰][玫瑰][玫瑰]
我行我素,[赞]
桂华,管他钱多钱少，能诚心对你就很好了。知足常乐[玫瑰][玫瑰][玫瑰]
期待明天,[捂脸]
顺其自然81270,[赞]
相思草,[666][火][爱心][赞][玫瑰][666]
美女些,拍得有点假
芬芳,[赞][赞]
温柔的风2600,好幸福啊
HRY369,[赞]
妳婼不離我定不弃830,[爱心]
小瓶盖47442,[666]
5384834,[赞][赞][赞]
平平78701,[赞][赞][赞]
金利3224,[赞]
小棋棋....,[赞]
高玲玲751,[666][666][666]
李继芬,[666][666][666]
＠乔依诺,[捂脸]
no～～～,好心的胖子[666][666][666][666][666][666][666][666][666][666]
笑颜如花,[666][666][666]
jhnl,[赞]
一生平安94606,[捂脸][捂脸][捂脸]
何大姐349,@[玫瑰]
严云会845,[花谢了][捂脸][爱心]
灵魂8667,[666]
肖自蓉,[666]
夏27920,@[赞][赞]
Yolili,演得有点怪
小英60385,[龇牙][龇牙][龇牙]
花开富贵🌺🌹,[赞][赞][赞]
爱上生活，发现美,[玫瑰]
幸福每一天,[赞]
怪力少女,[笑哭]
小懒不懒,[赞][赞][赞]
＠用户70886,[赞][赞][赞][赞]
董福仙,[赞]
千山万水8101,胖子是个好老公[赞][赞][赞][赞][爱心][爱心][爱心][玫瑰][玫瑰][玫瑰]
＠芳＠403,[666]
英,[赞][赞][赞][赞][赞]
万琼,[玫瑰][玫瑰][玫瑰]
碧玉蓝天732,[优秀]
微笑,[赞][赞]
微笑的去面对926,[赞][赞][赞][赞][赞]
平淡人生94149,胖子不错
柒玖163,[赞]
清,老公，怎么这么好？
芬芳79639,[赞][赞][赞]
知足常乐10476,[666][666][赞][赞]
樱桃24213,[赞][赞][赞]
陈夫珍127,[玫瑰][爱心][头盔][羞涩]
小苹果94386,我讨厌这样说话的人
素然원래부터,不喜欢胖子，老高好点
田甜6370,[赞]
☜你💖love🌸花,[赞]
庞姐568,[赞][赞][赞][赞][赞]
心随梦游640,[666]
木槿花,[赞][赞][赞][赞][赞][赞][扎心][玫瑰]
晴天雨水,@[赞][赞][赞]
你69180,[赞][赞]
相守一年,[赞]
开心每一天10727,[赞][赞][赞]
朱宇鑫,[我爱你]
三阳开泰,[玫瑰]
梅兰秋菊575,[玫瑰][玫瑰][玫瑰][玫瑰]
蓉儿19897,[玫瑰][玫瑰]
快手用户1643678663640,[赞]
贺泽会,[爱心][爱心][爱心]
英49331,[赞][赞]
莫莫,不喜欢胖子说话的语气[捂脸][捂脸]
心静如水18580,[玫瑰]
八月桂花🌸168,[666]
有雨花开,[赞][赞][赞][赞][赞]
开心每一夭6,[玫瑰]
青青子矜6995,[赞][赞]
勤奋,[赞]
User_1599962834470,[赞][赞][赞][赞][赞][玫瑰][玫瑰][玫瑰][玫瑰]
青山绿水53157＠青,@这样的老公很好的，对老婆这么好。[优秀][优秀][优秀][优秀][优秀][优秀][赞][赞][赞][赞][赞][爱心][爱心][爱心][爱心]
东婵259,[赞][赞][赞][赞][赞][赞][赞][赞][赞]
快乐人生02273,[赞][赞]
小夏01541,[赞][赞][赞][赞][爱心][爱心][爱心][爱心][玫瑰][玫瑰][玫瑰][玫瑰]
新的人生326,[爱心][爱心]
任志琴,[赞][爱心][爱心][爱心][爱心][爱心][爱心]
12372087,[爱心]
邂逅49499,胖子真勤快
麻辣烫1475,[666][666][666]
星星,[赞][赞][赞][委屈]
把💘丢在海里,为什么要这样子说话，明明好心
纯手工钩针钩儿童毛衣鞋帽,[爱心][爱心][爱心]
斯琪16671383,[赞][赞][赞][赞][赞][玫瑰]
User_1585634883214,[赞][赞][赞][玫瑰][玫瑰][玫瑰]
AYING48,[赞][赞][赞][赞]
夕阳无限好,干活都不戴手套，有点假
偷月亮的猫,[玫瑰]
燕子70494,[爱心]
CHENGSHENCAI,找了几个老公，找了个好老公
罗慧,[赞][赞][赞]
单身,胖子醒阿春，好男人
2438658,[我爱你][赞]
听故事的羊,@芌ル 除非他二天变成这种
雪碧更爽,[爱心][爱心][爱心]
沐雪,[666][666][666]
女王小姐姐 316,下次搬砖的时候戴个手套，演的会更像一点点
玉,阿春你挺温柔的[玫瑰]
梦寐以求,[赞]
青天白云006,阿春拍的视频吗有以前好了，
代妹,[赞]
我的心好累呀233,[爱心][爱心][爱心]
苦 -咖啡☕️.,老婆？[尴尬]
肖,[666]
幸楅快乐,[赞][赞][赞]
肖,[666]
颜色是啥！,[666][666][666]
快手用户1631201872308,[赞]
dyvxfyggj,[玫瑰][爱心][爱心]
一剪梅42950,[赞][赞][赞]
周31657,[玫瑰][666][666][666][666][666][666]
爱*随缘,[赞][赞][赞][赞]
吴恒贞,@[666]
1,[爱心]
胡妹妹,[赞][赞][赞]
fant,[666][666][666]
温柔58685,[赞][赞][赞]
幸运58632,碰上这种男人累点都无所谓
樊哥,[赞][赞][赞][赞][赞]
荷花,[赞]
Lucy,[玫瑰]
龙龙98681,@[赞][赞][赞][赞][赞][玫瑰][玫瑰][玫瑰][玫瑰][玫瑰]
知足常乐01346,[捂脸]
含笑戏红尘🍀🐾,[玫瑰]
含笑戏红尘🍀🐾,[玫瑰]
宝儿啦啦,[赞][赞][赞][爱心][爱心][爱心][爱心][爱心][爱心][爱心][爱心][爱心][爱心][爱心][爱心][爱心][爱心][爱心][爱心][爱心][爱心][爱心][爱心][爱心][爱心][爱心][爱心][爱心]
一切安好。,胖子真好[赞]
春37295,@找不到拍的了[捂脸][捂脸]
健康快乐18178,[赞]
迷璃,[捂脸]
兔飞猛进，有钱兔87兔加,婚姻复合
王漂亮的美丽人生,[调皮]
怒放的玫瑰778,[666]
转角遇到爱,[赞][赞]
果酱软趴趴,都是演的吗
可爱的小米787,胖子很好[赞]
果酱软趴趴,怎么回事，琴琴连作品都删了，
小小01192,好像我们厂的厂服[捂脸][捂脸][捂脸][捂脸][捂脸][捂脸]
罗锣,胖子态度好
雨的印记,[捂脸]
清风明月0872,[赞][赞]
一路顺风顺水,[玫瑰][玫瑰][玫瑰][玫瑰]
福到家333,[赞][赞][赞][赞]
随缘99938,[想吃][想吃][想吃]
快手用户1640787280594,[爱心][爱心][爱心][爱心][爱心]
青青草原jjj,[赞][赞]
日月明681,喜欢你们的作品
何永会,[666][666][666]
幸福美满25229,[赞][赞][赞][赞][赞][赞]
颜晓利149,[玫瑰][玫瑰]
＠英,[赞]
四姐,[赞][赞][赞]
王正富004,我喜欢[玫瑰][赞]
仁寿辣妹子❤虹,[赞]
开心快乐46258,[玫瑰][玫瑰]
必然,[玫瑰]
水墨天山,[爱你][赞]双击[赞][爱你][爱你]
财源滚滚,胖子去干活去了，下午买洗衣机回来。
安竹,[玫瑰][爱心]
YKYB-豪豪,红烧肉肥一点没事的 太瘦了反而不好 那些说肥的人 你们怕不是都不会做饭吧
阿芳^O^😂,[赞]
吴淑容,@[赞][赞][赞][玫瑰][玫瑰][玫瑰]
周华4296,什么事情都让别懂你，而你懂别人吗？自私
太阳97441,[爱心]
梅,[讚]
全兴珍712,[赞][赞][赞][赞][赞][赞]
姜姜好芋见你💋,那么有钱拍这视频因为啥[捂脸]
水秀,[火][火][奸笑][奸笑]
刘秀清718,[玫瑰][玫瑰][玫瑰]
🍁,[666][666][666]
yjuanmei,[赞]
User_700599490,[爱心][赞]
黄姐,[赞][赞][赞]
燕子,希望你们能幸福长久[赞][赞][赞]
老有所乐12386,不喜欢你了
铝合金门窗制作安装001,啊春的脸像哭过肿的也
张42997,[赞][赞][赞]
什么是幸福,[赞][赞][赞][赞][赞]
茉莉花30209,[赞][赞]
王淑惠157,[赞][赞][赞]
威武霸气87878,还是自己的老公好。
嘟嘟的外婆,[捂脸][捂脸][捂脸]
想念54002,[赞]
风雨无阻81033,[赞]
青衣（赊欠免开尊口）,喜欢看
倾听雪落4460,复婚吧，一直幸福下去[玫瑰]
小蓉9520,[赞]
杨崇美,[666][666]
美好的记忆3269,[赞][赞][赞][赞]
数星星 看日落,但凡是谈恋爱的时候，说话不注意的话，两个人很容易吵架的
理想明天914,[龇牙]
倾听雪落4460,和朋友吃大餐，回来还要吃红烧肉[捂脸]
小刘00841,[赞]
好人一生平安58550,[赞][赞][赞][爱心][爱心][爱心]
心碎14235,[赞][赞][赞][赞][赞]
唐英中国平安,[赞][赞][赞][赞]
爱睡觉的冉冉,[玫瑰][玫瑰][玫瑰][玫瑰]
小蓉9520,[赞]
汐涵140,[赞][赞]
＠芳芳,[龇牙][火]
黎明,胖子其实很心疼人 只是不好表达 希望你们越来越幸福[玫瑰]也好好珍惜吧
开开心心过好每一天6509,[比心]
王三姐,[玫瑰]
冉姐13174,[赞][赞]
罗成海＠,[赞][赞][赞][爱心][爱心]
冉姐13174,[赞][赞][赞]
唐春燕223,[赞]
快乐一家人61627,[玫瑰][玫瑰][玫瑰][玫瑰]
梅梅,[赞]
User_1624010854380,[玫瑰]
叶子10308,[玫瑰][玫瑰]
清36123,[龇牙]
陆$陆8916,@[火]
User_1569897076503,[玫瑰]
意气风发,[赞][玫瑰]
灵儿轩儿我爱你们,好假
[2000],以前不是老高吗？
小情绪47403,@[666][666][666]
罗容,[赞][赞][赞]
平平安安68522,一家人演的还可以。
八月初凉633,[赞][赞][赞]
小Z5909,[666]
快手用户1638197788294,[666][666][666][666][666]
幸福家人24684,[玫瑰][玫瑰]
🤗🤗陈亚琼,[赞]
name慧,[赞][赞][赞][赞][赞][赞][爱心]
小玲,[赞]
夏天10741,[赞][赞]
Queen,[赞]
女王殿下,希望你们一家人幸福美满好好珍惜哦
相濡以沫,[玫瑰]
老来福,胖子对啊春是很好的！只是嘴说话不好听！
春上草,[赞][赞][赞]
李小红,[666][666]
快手用户1676205327952,[赞][赞][赞][赞]喜欢你们
顾晓染♡,琴琴呢？
雨中漫步7872,[赞]
赵献菊,狍狍有点可爱[爱心][爱心]
竹子85157,说四川话嘛，川普难得听，别扭，听起不舒服。
静思79703,[赞][赞][赞][赞]
人走茶凉，心已冷了,[赞][赞][赞][赞][赞][赞]
快手用户1671192867785,你老公真好爱你[赞][赞][赞][赞][赞][赞][赞][赞][赞][赞][赞][赞]
面对现实,[捂脸]
快手用户1651146955801,不知道你们拍的视频是不是真的。。。。。。
之悦之悦之,现在都只要35以下的了   35以上的都不要了[大哭]
秋禅351,[赞][赞][赞][火][火]
腊梅60611,[赞][赞][赞]
知足常乐22209,@
华华07034,[赞][赞][赞][赞][赞]
快手用户1668928063131,大白天的为啥要说这么晚了哎
灰太狼,[爱心][爱心][爱心]
刘显菊288,@[666][666]
绍康447,[赞][赞][赞][赞][赞][赞]
做做梦。叫,[爱心][玫瑰]
三妹19904,[赞][赞][赞][赞][赞][赞][赞][赞]
三妹19904,[赞][赞][赞][赞][赞][赞]
、云一朵🌸,好歹也带副手套呀[捂脸][捂脸][捂脸]正常做工谁不带手套？演完一个换镜头而已吧[笑哭][笑哭][笑哭][笑哭]
兰姐茶楼,多假又有个老公，又有胖孑，这个春有几个老公啊，两个老公对她都很好
Zhang61510,[赞][赞][赞]
三妹19904,[赞][赞][赞][赞][赞][赞]
高姐,[玫瑰]
小思念语儿,[赞][赞][赞][赞][赞][赞]
四叶草🍀2072,@[玫瑰]
奋斗为红颜085,[赞][赞][赞]
潇湘雨歇220,[赞][赞][赞]
6653微微一笑,我前夫都不知道我喜欢什么体讨厌什么[捂脸]
罗亦驰，小时候,这老头说话口音有点像上海的
圣女果,@[666][666]
人活着好累512,很好
宾良465,[666][666]
水中望月,[666]
自由飞翔42143,[666][666]
笑看人生09059,[666]
一生幸福46694,[玫瑰]
嘻嘻傻神,听到胖子说话就不爽，而且还学别人文案[汗]
雷金秀,好老公哦[赞]
黄学玲991,[爱心][玫瑰]
明天的明天65094,[赞][赞][赞][赞]
❤️,[666][666][666]
杯念,[玫瑰][玫瑰][玫瑰][玫瑰][玫瑰][玫瑰]
天天真,[玫瑰]
涂小云,阿春真能干
金林427,[赞][赞][赞][玫瑰][玫瑰]
知足常乐16740,[玫瑰]
刘梓鑫妈妈,[火][火][火][火]
美梦成真58426,[赞][赞][赞]
善心如烛,[666][666][666]
刘书含妈妈,[赞][赞][赞]
诚艺摄影！,喜欢你这件外套，那里买的我想要，给个方式
陈芳,[赞]
徐冬玲874,[玫瑰]
伤心难过一辈子，不开心,[赞][赞]
云儿,[赞]
菲菲,现实中跟本没有这样的男人
朱世芬,。
User_1613035009287,[赞]
绿水0335,[赞]
微微姐lkk,老高呢
幸运16315,[赞][赞][赞][赞]
刘老大2731,[赞][赞][赞]
一切美好,[赞][赞][赞]
顺其自然。4048,[玫瑰]
赵五055,@[赞][爱心][爱心][爱心][爱心][赞][赞][赞]
雷祥芬,[玫瑰]
笑对人生，过好每一天,胖子其实很心疼人 只是不好表达 希望你们越来越幸福[玫瑰]
曾启松,[赞][赞][赞][赞][赞][赞]
拜拜白菜555,[赞][赞][赞]
秋秋82844,[捂脸][捂脸][捂脸]
工地妹尘客,[赞][赞][赞][赞]
何映春803,[赞][赞][赞][赞]
杜17629,[赞][赞][赞]
沉默＠无语697,[捂脸]
lovekide,祝你们幸福
自由者🏃🏻♀️,做这种活衣服一直干净着，要演也演真点嘛[捂脸]
最熟悉的陌生人32378,[赞]
开心就好,[玫瑰]
独一无二,[赞]
农村乡咔咔也很美,[玫瑰]
晴13159,[666]
开心快乐,[赞]
汤姐063,[赞]
幺妹,[赞]
赵家^O^女,说人家金贵的是羡慕人家吧！哪个女人不想找个知冷知热疼爱自己的男人
福田,[赞][玫瑰]
爱华,@[赞]
梅梅38478,[赞][赞]
🌸涓子,[like][like][like]
快手用户1632063042520,到处都是暂时不招人
静心57050,[666][666][666][666][666]
开心一族3893,[赞][赞]
星空96128,[赞][赞][赞]
楠楠想2018的1108,好
明天会更好,@[赞][赞][赞]
胡明碧417,[火]
颜颜想混分～,[赞][赞][赞]
简简单单11593,[火][火][火][火]
小胖,[玫瑰][玫瑰][玫瑰][玫瑰]
快手用户1645975702388,.[玫瑰]
cx猜,[玫瑰]
User_1611305336871,[赞][赞][赞]
啊结432,[奸笑][奸笑]
知足常乐10752,[赞][赞][666][666]
雨后,[赞]
王老四,[666]
红玫瑰,[赞][赞][赞][肌肉][肌肉][肌肉][肌肉]
快手用户1657749197437,乖[赞]
陈万兰我的愿望能实现🙏,[赞][赞][赞]
梅宝睡不醒😴,是不是复婚了[柴犬]
枫树,[赞][赞]
红辣娇261,阿春总算享老公的福了
李开英5LaftiG2,[赞]
梅姐24064,[赞]
一切随缘,[赞][赞]
如花似玉,[赞][赞][赞]
User_1579875698669,胖子说话真冲
一只小猴子,太美了
🌹 幸福安康🌹688,干活都穿得起羽绒服[网红猫][网红猫]
华24386,[赞][赞][赞][赞][赞][赞][赞][赞][赞][赞][赞][赞][赞][赞][赞]
User_1567219508330,[捂脸]
3119清风,有这么矫情吗，洗下冷水就手都不要了
银鼠958,[火][火][火]
芳菲万里336,[捂脸][捂脸][捂脸]
花好月圆65195,[玫瑰][玫瑰][玫瑰]
柳兰花♡,[笑哭]
万必秀,[赞][赞][赞][赞][赞][花谢了][花谢了][花谢了][花谢了][花谢了]
一帆风顺21956,[666]
芬芳似溢,[赞][赞][赞]
＠平安539,[赞][赞][赞][赞]
自由人90934,[赞][赞][赞][赞][赞][赞]
雾已过畔，,[666]
在水一方80170120,[玫瑰]
快手用户1647773520107,男的说话带福建口音
陈晨05454,[赞]
田大姐,[嘘]
女神69342,[玫瑰][赞]
必需要坚强,[赞]
今生有约,[赞][赞][赞][赞][赞][赞]
快手用户1645259250300,[赞][赞][赞]
从头再来08551,[赞][赞][赞]
自己75891,[火][火][火]
快手用户1641432819346,[赞][赞][赞][赞][赞][赞]
初心83418,[赞]
浮云56255,[赞][赞][赞]
碧波荡漾4903,[赞][赞]
快手用户1641432819346,[赞][赞][赞][赞][赞][赞]
花好月圆继菊,[赞][赞][赞][赞]
夙瑄,[偷笑]
User_1580027895089,[赞][赞][666][666]
回忆~美,[666][666][爱心][爱心][玫瑰][玫瑰][赞][赞]
净心守志985,真的是演戏，假得无敌
刘东来妈妈,[龇牙]
渴望,[捂脸][捂脸][捂脸]
xiao阿肖283,[奸笑][奸笑]
芹芹7835,[赞][赞][赞]
春夏秋冬,[调皮][调皮]
╭我（╯ε╰）╮,[赞][赞][笑哭]
User_1580269814599,[赞][赞][赞]
雪飞舞110,[赞]
思雨,[赞][赞]
孤单和寂寞.,[赞][赞][赞]
十有八九,[火]
九妹11971,@[赞][赞][赞]
小雨爱喝雪碧,[赞][赞][赞][赞]
福星高照44769,[赞][赞][赞]
天天好心情87717,[赞]
刘三姐6389,[爱心][赞]
开心王姐姐,生活平淡很漂亮[赞][赞][赞][赞]
晨曦,[赞]
晨曦,[赞]
英,[赞]
平凡05963,[赞][赞]
朱珠呀❤️,好久没见到琴琴了
坏情绪失控-,[赞][赞][赞]
User_1605750908430,[赞][赞]
开心果,好假，弄砖身上那么干净
久久✨（121）,[玫瑰]
Chihiro  _,[赞][赞][赞]
永远不变，我还是原来的我,[玫瑰][玫瑰]
梦范西游,[赞][赞][赞]
幸福s美满,[爱心][赞]
一凡风顺4777,[666][666]
快手用户1652009127035,[赞][赞][赞][赞][赞][赞][赞]
User_1580295706029,[赞][赞][赞]
👏 法国欧雅顿香薰有机庄园,[666]
回忆42764,[666][666]
黑玫瑰57975,[赞][赞][赞][赞][玫瑰][玫瑰][玫瑰][玫瑰]
紫色之恋6906,[赞][赞][赞][赞]
🎉庆芬🎉,[赞][赞][赞]
ok梧桐林,阿春还命好
向日葵 🌼,[玫瑰]
平平淡淡过一生,[赞][赞][赞]
小小妹,真相爱
梁美莉434,[捂脸][捂脸][捂脸]
雪兰之花741,[赞]
阳光贝贝童装！,[赞][赞]
凤宝贝儿👈💏👉希望,可以[偷笑]
健康、平安每一天,不是两姐妹的吗？现改拍两夫妻了！
夕阳西下1501,[赞][赞][赞]
张金阁595,[赞]
随心所欲76646,两夫妻好恩爱，好羡慕你们两夫妻恩爱
远得要命的爱情995,胖子去搬砖赚钱给你去买洗衣机了[赞][赞]
随心所欲76646,生活平淡，用心就会发光，岁月沉闷，跑起来就会有风，平淡的生活也有多种美。
快手用户1657802584268,[捂脸][捂脸][捂脸][捂脸][捂脸][捂脸][玫瑰][玫瑰][玫瑰][玫瑰][玫瑰][玫瑰]
梅70931,[玫瑰][玫瑰][玫瑰][玫瑰]
萍水相逢46047,[玫瑰]
陈晨73763,[赞][赞][赞]
静心86520,[赞][赞][赞]
DYN241,胖子是刀子嘴豆腐心
花园心604,[摸头][摸头]
肖利021,[赞][赞]
做个平凡人,[赞][赞][赞][赞]
我是你的小可爱7764,阿春你老公这么对你好，很优秀，那时怎么还离婚呢？
兰花香，🌺🌺🌹🌸,[笑哭]
快乐57996,[赞]
久久八十一¹,[赞][赞]
拥抱爱自己,[火][火]
凹凸世界_雷师,[玫瑰]
一枝梅28423,[赞][赞][赞]
小草43564,[玫瑰][玫瑰][玫瑰]
滕卫芳,[捂脸][捂脸][捂脸]
🎀爱笑的伊琳,那个主管不就是琴琴婆婆吗[捂脸]
每天开心42137,[玫瑰]
鲍哲,[赞]
顺其自然51669,[爱心]
彩娥,[玫瑰][玫瑰][玫瑰]
心碎的寂寞623,@[赞][赞][赞][玫瑰][玫瑰][玫瑰]
兰银辉,[玫瑰][玫瑰][玫瑰]
你是我的幸福,[调皮][调皮][调皮][调皮][调皮]
蓝天白云,[爱心]
FaLes虛 ￡ 偽,这种男人就值得嫁[赞][赞]
桂香飞杨,[赞][赞][赞][赞][玫瑰][玫瑰]
蓝天白云,[捂脸]
英43607,这样是个好男人。[赞][赞][赞][赞]
卓💤冉,[龇牙][龇牙]
蓝天23487,[赞][赞][赞][赞][赞][赞]
随缘10917,[赞][赞][赞]
782忘记一切,[赞][赞]
随遇而安,[赞][赞][赞][赞]
支姐,[赞]
正.,[爱心]
夏天的雪80770,[赞][赞]
任帮英955,[赞][赞][赞]
罗启华002,[赞][赞][赞]
最爱小海鑫。,[赞][赞][赞][赞][赞][赞][赞][赞]
丁敏352,[火][火][火]
谌rui,关键是啊春怎么找到这里的[捂脸]
晓琳琳,[666][666][666][666][666][666]
依恋,[666]
蔠究，时间会带走一切，,七年没有上班了，除了娃儿老公家务。忙空了就宅家里玩玩手机，躺 躺床，[捂脸][捂脸][捂脸]
159453894,[爱心][爱心]
李姐86588,[赞]
谢根英087,好春好幸福，
User_1587702353871,[赞][赞][赞]
幸福美满,[赞][赞]
文文,[赞][赞][赞][666][666][666]
天天开心04082,[赞]
平静3550,演，你这短视频钱不少了
sq＠睿～澄,[玫瑰][玫瑰][玫瑰]
:春琦,[赞][赞][赞]
张姐,[赞]
百合花,[赞][赞][赞]
代姐168,[赞]
阳光总在风雨后,[赞][赞][赞]
朱伟红,[捂脸][捂脸]
幻想和现实的差距,[666][666][666][666][666]
江琴,@[赞][赞][赞][赞][666][666]
知心人,胖子变好了
瑶~04100,养了这么多动物[爱你]
擦肩而过81391,[火][火][火][火]
小丽    保山,为什么热不脱衣服
海底捞针费苦工75116,羡慕我要是找得只好个，余生 不弃
秋叶7442,[赞][赞]
Beaut＠茶然,[666]
。你值得拥有,[哈欠]
秋96717,[赞]
余生只愿一切随缘,[赞][赞][赞]
旁观者,[玫瑰][玫瑰]
思思不坏呐,[赞][赞][赞]
鱼儿79486,[赞]
zhang08895,[赞]
天天85605,[赞]
罗东红,[玫瑰][玫瑰]
东春,@[赞][赞][赞][赞][赞]
开心就好54297,[玫瑰][玫瑰][玫瑰]
海底捞针费苦工75116,羡慕只辈子都只有自己挣钱养活自己的命
脱俗💔2号,[爱心]
💖喜欢你萌萌哒💘👯,我老公从来都不懂的心疼我[捂脸][捂脸][捂脸]
四季平安30140,[666][666][666]
露。108,最讨厌这样说话的男人
看破红尘却看不透人💔,看男人不光看外表，你要会心疼女人就是好男人，刚开始我看不上这个男人，现在越来越喜欢了[捂脸][捂脸][赞][赞]
一只船员,[赞][赞]
思念76612,@[赞][赞][赞]
人穷志不短898,这胖子可以的
''怪我们始终太念旧ゝ',[赞]
四孃,[赞]
云56543,[赞][赞][赞][赞][赞][赞]
雅芝兰545,[赞][赞]
户户走走走,[赞][赞][赞]
User_1612860951178,[赞]
知足常乐03524,[赞]
捡你不如捡破烂☞,[玫瑰][玫瑰][玫瑰]
hate1567,[赞][赞]
海哥,[赞][赞]
一棵小草359,[玫瑰][玫瑰][赞][赞]幸福美满
琴,[赞][赞]
可爱的闺蜜,[赞][赞][赞]
墙头潶猫,阿春有了胖子，阿春变漂亮了
三妹63022,[玫瑰][玫瑰][玫瑰]
子乐💕,[奸笑]
快乐宝贝98052,这视频好看
岁月不饶人8316,[玫瑰]
💝🎏招财猫🎐..🎈,胖子一看就是摆拍，不象干活的人
淑芳352,[赞][赞][赞][赞][赞][赞][赞]
User_1547461375671,不错
吃苦是福576,[赞]
云南宣威艳姐,[赞]
Amanda％,[龇牙][龇牙][龇牙][龇牙]
媛姐714,[赞]
文明珍,[微笑]
平平淡淡,[赞]
xiaoxhan999,简单点生活挺中意了[龇牙][龇牙][龇牙]
杨春红087,[赞][赞][赞]
张智,[赞][赞][爱心][爱心][爱心]
秀英09161,[赞][赞][赞]
郎洪英305,[赞][赞]
杨燕7309,这个美女有一个好老公
李雪梅,′很妊
小快乐每一天123,[666][666][666]
冬天的雪47931,这么好的男人会有吗
风格5925,我老公要是敢这种语气跟我说话，他就死定了，就是他做的再好这种语气跟我说话，我也不会开心的
张秀珍,[爱心][爱心][爱心]
陈永芳534,[赞][爱心]
万事如意,[玫瑰]
培培吖（加油）,[赞][赞][赞]
桂香,[祈祷]
💞  ꦿ꯭命运,这剧情大转变
向学红178,[玫瑰][玫瑰][玫瑰][赞][赞][赞]
风格5925,把刀子嘴豆腐心演绎的淋漓尽致，这种说话方式很伤人，很讨厌这种相处方式
橙子,@[赞]
笨熊＠印小象广告,[赞][赞][赞]
小丸子,[赞][赞]
湘湘,[玫瑰][玫瑰][玫瑰][玫瑰][玫瑰][玫瑰][玫瑰]
老寇3347,[赞]
=永远会幸福=,春姐，我们看了视频，哈哈[赞][赞][赞][赞][赞][赞]
向贵英7栋,[赞][赞][赞][赞]
陈思宇妈妈,这肉切得太大块了[捂脸]
XL2508,阿春是苦尽甘来了
好人77908,[赞][赞][赞][赞][赞][赞][赞]
alz493,夫妻还是原配好啊，懂得各自的心，懂得互相体谅[赞][玫瑰]
琼在闹市无人问,我们这边还穿羽绒服，他们穿那么少
User_1601339697253,这个女人男人多
____小猫咪,[赞][赞][赞]
老王,[玫瑰]
唉。打工好难🤗,[赞]
User_1613784006379,[赞][赞][赞]
雅如,[玫瑰]
心然698,[赞]
伊人飘香,胖子人也挺好的
＠＠~小草~＠＠,胖子真对阿春好！但也要注意身体安康[赞][赞][赞][赞]
钱途无量13,[赞]
时间诲,[赞]
泓燕,浙江余姚这边的男人都是这样说话的，[捂脸][捂脸]我在浙江余姚22年了
蒲草如丝。,[赞]
幸福流年,[爱心]
快手用户1634890009272,[666][666][666]
快手用户1632131301526,美女，你好福气哦[赞][赞][赞][赞][玫瑰]
凤凰于飞,[奸笑]
♂大小旋♀,春姐家里肯定是搞专修的[捂脸]
ˢ终止爱.,1
其实很简单976,首先女的缺什么东西，然后男的就去工地搬砖，最后东西买回来，这是他们的惯用剧本
丰田,[赞][赞][赞][赞]
🔥美丽的光芒💍🌟,[赞][赞][赞][赞][赞]
冰玫瑰316,胖子说话不好听
快手用户1654493984045,[玫瑰]
刘政:紫气东来吉祥如意,太会疼老婆了[赞]
~*%零^0^度C%*~,[666][666][666]
Angel  樱花,[呆住]
睏北,[玫瑰]
繁花似锦觅安宁965,那个带口罩的不是他妹妹的婆婆吗？演戏就是演戏
开心过好每一天,[赞][赞][赞]
李兴淑－∵,[赞]
只有想不到，没有做不到的343,[玫瑰]
周育模,[666][666][666]
和平精英🔥 知足者,[玫瑰][玫瑰][玫瑰]
缘份,[赞][赞][赞][赞][赞][666][玫瑰][爱心][笑哭][火]
辉5|,[赞][赞][赞][赞]
刘玉莲,[666]
快手用户1637485307428,[玫瑰][玫瑰][玫瑰][玫瑰][玫瑰]
刘玉莲,[玫瑰]
金琴琴（周训海外侄女）,胖子穿的衣服不像搬砖的[奸笑]
小年的乡村生活,你怎么不去工地
霞光🌻,好话被他说得很难听，真是说话像倒墙的
平安一身,[赞][赞][赞]
YUN.云424,有这样的男人真幸福！
User_1600236810998,[赞][赞][赞][赞][爱心][爱心][爱心][爱心][爱心]
好运来76608,[玫瑰][玫瑰][玫瑰]
惠佳馨,现在拍的视频好假，不好看
水＠中⊙月♥,[赞][赞]
王四姐,好看吧[玫瑰][玫瑰]
快手用户1646303387638,[爱心]
从中笑501,[红包][气球][比心][玫瑰]
话柳叶儿拒绝私聊,[捂脸][笑哭]
_°の郁ᵇᵃᵇʸ🌷,[赞][赞][赞]
再来二两898,[赞][赞][赞]
黄娟,[赞]
User_1576976558631,[火]
刘成秀474,[赞]
叶落飘零LLq,[赞][赞]
兰草（宋玉兰）,[赞][赞][赞][玫瑰][玫瑰][玫瑰]
铁核桃,不错，胖哥对人不错，也很体贴人，真幸福[赞][赞][赞][赞][666][666][666][666]
^O^&怡宝～爱吃♥,[哼]
凌瑞兰,[赞][赞][赞][赞][666][666][666][666][玫瑰][玫瑰][玫瑰][玫瑰]
萍姐2774,[赞][赞][赞][赞][赞][赞]
幸福44746,[赞][赞][赞]
程招子,[赞][赞][赞]
利姐5071,[玫瑰]
李王芹58850,[666]
芬芬芳芳333,[赞][赞][赞][爱心][爱心][爱心][爱心]
♀凉凉♀,看到破烦
简单89861,[赞]
辛福永久,这个好老公点[赞][赞][赞][赞][赞][爱心][爱心][爱心][爱心]
凤86510,[玫瑰][玫瑰]
🍁🍁🍁,[赞][赞][赞][赞][赞][赞][赞][赞][赞][赞][赞][赞][赞][赞][赞][赞][赞][赞][祈祷][祈祷][祈祷][祈祷][祈祷][祈祷][祈祷][玫瑰][玫瑰][玫瑰][玫瑰][玫瑰]
范述容,[赞][赞][赞][赞][赞][玫瑰][玫瑰][玫瑰]
妞妞40424,不喜欢
💝芳✨芳💝,[赞]
蓝色的精灵423,其实阿春嫁给胖子很幸福的，胖子就是不知道怎么去表达
小刘09362,[火][火][火]
知足常乐14550,你的老公对你太好了。
华67842,[赞][赞][赞][赞][赞][赞][赞][赞]
User_1579766526829,[赞][赞][赞][赞]
家园6945,[赞][赞][赞][赞]
🍀熟悉后的陌生🌟🍀,我老公也说我做的饭不能吃
zkzz,视频越拍越俗
快手用户1637733562626,[赞][赞][赞][赞][赞]
🍀,[赞][赞][赞]
爱的阳光82790,都离婚了，还是你老婆吗。这视频拍的搞笑的很
幸福顺利#余生随*,[捂脸][捂脸][捂脸]
周远先961,[666][666][666]
风雨彩虹69726,手套都没戴
小Ruby850（爱音乐,胖子哥，你这五花肉肥了点[笑哭]
爱的阳光82790,阿春，这段子拍的越来越倒胃口了，看不下去了。
刘生菊1,[赞]
User_1580045508043,虽然是刀子嘴豆腐心，但是天天看这样的说话方式真心有点不喜欢[捂脸][捂脸]
蝴蝶宝贝793,好假
路世芳035,[爱心][爱心][爱心][爱心][爱心][爱心][爱心][爱心][爱心][爱心][爱心][爱心][爱心][爱心][爱心][爱心][爱心]
情有缘,@[赞][赞][赞][赞][赞][赞][玫瑰][玫瑰][玫瑰][玫瑰][玫瑰]
幸福美满05895（笑）,[玫瑰][玫瑰][玫瑰]
刘天恒,[赞][赞][赞]
安安56412,[玫瑰][玫瑰][玫瑰][火][火]
陈良华,[赞]
庆友妈妈聊健康,说话的方式伤人心，
晓曾,[666]
💋 追💖 梦💝 人,[赞][赞]
和信检测-覃小崖136330959,说话太伤人了
.开心果218,[赞][赞][赞]
黄贤秀黄贤秀,@[火][666][玫瑰]
勿扰,我喜欢阿春发表的作品，但是不喜欢这个男的说话的方式，有点伤人
坚强自信122,[赞][赞][赞][玫瑰][玫瑰][玫瑰]
缘来是你,@[奸笑][赞]
万世浮华，只为你留念,胖子干活穿棉衣，阿春玩穿西服
惠兰9433,[爱心]
一枝独秀9182,洗衣机坏了二年，不信
云朵59900,阿春现在真幸福
李小云,胖子人真不错，能吃苦耐劳！而且对阿春好！希望你们早点和好！[赞][赞][赞][玫瑰][玫瑰][玫瑰]
aiLwl,[玫瑰][玫瑰]
糊涂,支持你们[赞][赞][赞][赞][赞]
幺妹7490,[爱心]
米姐爱美食,这红烧肉好肥呀
梦媛,[赞]
。,那个主管不就是晴晴的婆婆吗 [捂脸][捂脸]
英英41159,[玫瑰]
寂寞熙哥（努力中）,叫你给春春红烧肉吃
冬季雪花飘满天,[赞][赞][赞]
孙煜,[666][666][666]
璟色-,[大哭][爱心][赞]
随遇而安93143,[赞]
刘03979,[玫瑰]
雨季83949,胖子是个好男人[赞]
龙姗姗537,哪里累，都吃大餐了
邓连英393,[赞][赞]
芬姐,[赞][赞][赞][赞][赞]
快手用户1669484540909,世上真有这么优秀的男人吗？真有这样的男人，他说话不管什么方式都承受的了，都喜欢[赞][赞][赞][捂脸]
樊大姐,[赞][玫瑰][666][火][捂脸][奸笑][爱心][笑哭]
王世友014,[赞]
春哥1551785,[赞][赞][赞][赞][赞][赞][赞][赞][爱心][爱心][爱心][爱心][爱心][爱心][爱心][爱心][爱你][爱你][爱你][爱你][爱你][爱你][爱你][爱你][赞][爱心][火][爱你]
ღ᭄ꦿ꯭撕碎დ᭄的回忆꧔,@[666][666]
龙姗姗537,一点不现实
康素蓉085,胖子说话方式久妥。
zhsbdll,@[赞][赞][赞][赞][赞]
丽珍,[赞][赞][赞]
王英7492,[赞][赞][赞]
一天爱你一次 ：,那个主管明明是琴琴她婆婆。
＠万州丽丽,[赞]
向前一步☞是幸福^O^,[玫瑰]
艳艳36126,这女的现在变得那么金贵
哈尔滨红太阳,好男人[赞]
严小梅,胖子真会疼老婆[666][666][赞][赞][玫瑰][玫瑰]
金花,[玫瑰][玫瑰]
创新CHN,㊗️你小俩口永远幸福[欢迎][欢迎][欢迎]
玉23142,[赞][赞][赞]
随缘❤️,这老公真好
hik-,[玫瑰]
在美好也是过去了,[赞]
创新CHN,胖子，你真的对你爱人那么好吗？如果是，那简直是中国好男人，好老公哦[赞][赞][赞]
嫣然30428,[玫瑰]
菩提树   果慈,[666][祈祷]
赵嘉千,[666][666][666][666][666][火][火][火][666][666][火][火][火]
＠唯伱依赖づ,[赞][赞]
空城＠869,好
蓉城402,@爱不变 [赞][爱心]
无心莚,[赞][666]
岁月静好76831,[赞][赞][赞][爱心][爱心][爱心]
远山,[666][火][爱心]
长河，之韵,[玫瑰][玫瑰][玫瑰][玫瑰][玫瑰][玫瑰]
守护那份爱716,没有老高人好
梅73084,[赞][赞][赞]
木兰香733,[赞][赞][赞][赞][玫瑰][玫瑰]
一路平安53078,[赞][赞][赞]
敖三裂四,[玫瑰][玫瑰][玫瑰][玫瑰]
微笑22791,[赞]
佘丽琼,阿春有人疼真好
缘梦,[玫瑰][666]
浮萍3408,感觉好假哦，弄么好以前为什么离婚了
快手用户1656217712089,[赞][赞]
玉芳,[捂脸][捂脸][捂脸]
凤凰aq,@不喜欢
User_1593513240252,当初要是这么好。也不会离婚
快手用户1639047535013,[玫瑰]
听源夙念浪漫⭐.,春加油
丫丫吖,[赞]
深秋落叶222,这帅哥的声音有点像熊二的声音，[笑哭][笑哭]
提笔写将来人生短暂要对自,放那么多冰糖，菜吃起来有股甜味
梦婷,那次出去回来不是给你惊喜
倪华彬,[赞][赞][赞][玫瑰][玫瑰][玫瑰]
User_1575553567520,[爱心]
5255小玟子手歌小玟子,[赞][赞][赞][赞][赞]
浪花,[666][666][666][666]
无怨无悔85264,放那么多糖，太甜了吧
/芯芯,。
四川桂花香,一下又换一个男人。[龇牙][龇牙]
安静,怎么说呢[汗]
🌹一往🌹情深🌹978,说实话，我最听不得叫胖子说话杵头杵脑的。
春梅,[赞][赞][赞]
♥英♥子♥,拍得好假
User_1577197611600,[赞][赞][赞][赞]
苏格兰乀天空,[玫瑰][玫瑰][玫瑰][玫瑰][赞][赞][赞]
小雷纯手工蒸饺和冰冻食品,[666]
文玲,怎么说普通话
一生平安30527,[龇牙][赞]
魏依婷💋,[玫瑰][玫瑰][玫瑰]
开心33871,[玫瑰][玫瑰][玫瑰][玫瑰][赞][赞][赞]
鄂尔多斯羊绒订做店,一家人不能好好沟通吗，好心都变味了[捂脸]
重获一颗心,[赞][赞][赞][赞][赞][赞][玫瑰][玫瑰][玫瑰][玫瑰][玫瑰][玫瑰]
心没有爱,[柴犬][柴犬][柴犬]
温柔的灿烂,真有这样好吗，故意演的吧
快手用户1638240267151,[赞]
User_1625849731004,[赞]
真心实意3855,[赞][赞][赞]
梦里有小楠,[玫瑰]
丁丁95724,[赞][赞][赞]
舂天的艳子716,[赞]
唐平,[赞][赞][赞][赞][玫瑰][玫瑰][666]
香水百合,胖子是个非常勤劳又顾家的，好男人[赞]，只是说话，要注重方式方法。
BTF无风,[666][666][666]
User_1572696812329,[赞][赞][玫瑰][玫瑰][666]
mceee,[玫瑰]
用心侵蚀你灵魂,[捂脸]
wanpin038,[玫瑰][玫瑰]
.~_！,好男人好老公！你命好美女
芳23087,现在这个年代没有洗衣机，有人相信吗？
梅子28911,[666]
戀丄☆ぺ寳赑,[玫瑰][玫瑰][玫瑰][玫瑰][玫瑰][赞][赞][赞][赞][赞][赞]
快手用户1646700396367,[赞][赞][赞][赞][赞]
王长莲812,[玫瑰][玫瑰][玫瑰]
田41664,[赞][赞][赞][赞][赞][赞]
User_1617847620273,[赞]
红玫瑰89408,胖子很心疼女人，能找到这样子的哥哥真好[赞][赞]
一脸美人痣😃,[赞][赞][赞]
世海厨具,[666]
👣,看自己的视频也知道他去哪里了哇[捂脸]
富贵美丽的红牡丹,这都是他们拍戏编来演的，哪家洗衣机会烂了，两年都不买了
清风64412,[赞][赞][赞][666][666][666]
玲34668,以前好看
小胡,年轻的时候不好，现在老了还好起来了[菜刀][菜刀][菜刀][菜刀]
一枝梅10919,[赞][赞][赞]
顺花586,[赞][赞][赞][赞]
星河理想029,[赞][赞][赞][赞][赞][赞][赞][赞]
群11039,[赞][赞][赞]
一杯白酒895,[赞][赞]
开心,[玫瑰][玫瑰][玫瑰][玫瑰][玫瑰][玫瑰][赞][赞][赞][赞][赞]
一米阳光16066,[赞][赞]
7王久云,[赞][赞][赞]
水兰4824,[赞][赞][赞]
心如止水45774,[赞]
转身也许会遇见背影！,[玫瑰]
美丽天使9955,为什么现在看到们的视频好返感
zz小梦梦,[666][666]
凌雪688,我是颜控[笑哭]
影恩~m,这样的男人几乎绝了
温暖的心0969,胖子真好[赞][赞][赞]
≮迷你小蛋郜≯,胖子挺好的
亮丽风景线754,胖子那么好啊春还说胖子不好离婚了
あ.嫑忈,🌚
gu憨憨🔥有点憨🔥,[赞][赞][赞][赞][赞][赞]
小平,[赞][赞][赞][赞][赞][赞]
兰兰43091,这丈夫会痛老婆
夏荷2010,好男人[赞][赞][玫瑰][玫瑰][玫瑰]
心想事成83773,[赞][赞][赞][玫瑰][玫瑰][玫瑰][玫瑰]
梅子09665,[赞][赞][赞][赞][赞][赞]
天天开心84321,[赞][赞][赞]
周素蓉,[赞][赞][赞][赞]
^O^耐🐷,胖子说话咋就那么不好听呢？
CeciⅠy鞠挽祎,[玫瑰]
等待等你的心35386,胖子真心疼老婆
岁月＠静好：,这是两花肉吧[笑哭][捂脸][捂脸]
周周,[赞][赞][赞][赞]
天使贝贝童装会所,胖了说话都要喘气了
郭秋月235,演戏
隐形的翅膀03037,这五花肉也太肥了吧[捂脸]
红梅傲雪,好男人
杨文秀251,[玫瑰][玫瑰][玫瑰]
^ঞ᪲ꦿ余生᭄只ꦿ爱᭄你,[捂脸]
周凤玲064,[爱心][爱心][爱心][爱心][玫瑰][玫瑰][玫瑰]
周雅欣他奶奶,这个五花肉好肥哟
勿忘我观世界,[火][火][火][火][火][火]
开心〈百姓家〉,阿春，好好和胖子过日子吧，他不会言语，但是个实在人
黄老四,[赞][赞][赞][玫瑰][玫瑰][玫瑰]
User_1579868424090,:[赞]
柠檬草6150,[赞][赞]
六爷（生活号）,[捂脸][捂脸][捂脸][捂脸]
六爷（生活号）,[烟花][烟花][烟花]
小玲子,[赞][赞][赞][赞][玫瑰][玫瑰][玫瑰][玫瑰]
满月（刘耀文）🍓🍓,胖子口是心非，就不想让阿春那么累
＠ܰܳܺܵ݉ܳ孫,[666][666][666]
五月的洪哥,前天还说好吃今天又变了，胖子哥是千机变啊。不过关心的话换个方式说出来也是很棒的，[666][666][666]
荣45970,[赞][赞][赞]
🌹  湘🌹 妹🌹  znf,[玫瑰]
南风剪影,春姐 ，拉倒哥呢 ？[疑问][疑问][疑问][疑问][疑问]
:李秀华,@[爱心][玫瑰][火][捂脸]
希芸^O🕊️,你老公很好
宠着我的人才有资格管着我,靠一个人这样干活很难
冬雪4921,生活平淡，用心就会发光，岁月沉闷，跑起来就会有风，平淡的生活也有多种美。
真心21178,[赞][赞][赞][赞]
宠着我的人才有资格管着我,要找点临时工来做
清闲6012,@[赞][赞][赞]
月狸༊,戴口罩那个主管是琴琴她婆婆[奸笑]
红苹果62447,[赞][赞][爱心]
Angst💅,86年的都不要了，更何况现在[捂脸]
一生平安35979,[赞][赞][赞]
梧桐风雪337,[爱心][爱心]
♚ 局外人ᯤʸy,[666]
糖糖,胖子真是个好男人[赞][赞][赞]
雁南飞,阿春胖子真是个好丈夫，会体贴人[赞][赞][赞][赞][赞]
开心,[玫瑰][玫瑰][玫瑰]
麻安玲,胖子这个人很实在
♛☜♥囍,好会演[赞][赞]
英子28312,和春美女有人心疼了幸福[龇牙][赞][赞][赞]
没烦恼5179,86年的可以走了
♬七月♥,他们缺啥只要出去干一天工就可以买了[笑哭]
红红76258,[赞][赞][赞][玫瑰]
爱你的人☀,[赞][赞][赞]
小辣椒51571,你洗还要倒热水进去
萌萌。852,去赚钱呢，有这样的老公很幸福[赞][赞][赞]
97文案馆ᯤʸᵒᵘ,[666]
真善美2673,好男人
快手用户1657780579126,[赞]
User_1609061925002,搞个红烧肉放那么多糖一点都不好吃
快手用户1631535478651,[捂脸]
肆,[玫瑰][玫瑰][玫瑰][火][火][火]
英子,[爱心]
别摸头，会长不高耶！,[赞][赞][赞][赞][赞][赞]
阳光老太太,[赞][赞][赞][赞]
A.露露姐🍒,明明是很好的人，为什么说话语气难听
红玫瑰,我也好久没有上班了[玫瑰]可能是被社会淘汰了[玫瑰][赞]
娟子02443,[赞][赞][赞]
💐家有两萌宝💐朵朵,你会做吃的去卖啊
🐻tanghp🐻,真的这么好的男人吗，世间少之又少了
爱你一万年,[赞][赞][赞][赞]
半梦初夏179,[赞][赞][赞][赞]
🍒末来的人,[玫瑰]
福小熏,[赞][赞][赞][赞][赞][赞][赞][赞]
向日葵.26,[火]
阳光83417,糖多了
蜀和春,生活平淡，用心就会发光，岁月沉闷，跑起来就会有风，平淡的生活也有多种美。
任福兴,[爱心]
晨曦36854,男人这么好还离婚？
曾经最美,洗衣机坏两年了也不知道修一下！
阳光83417,他每都出去干活，
幸福2,[赞][赞][赞][玫瑰][玫瑰][玫瑰]
云朵95149,你不跟你老婆汇报，跟谁汇报，真是[龙][龙]
梅,胖子没来之前，都是春姐做饭呀，怎么不能吃了
仁平安康巴达木,胖子，这段时间辛苦了，瘦了很多
钢700,[笑哭][笑哭][笑哭]
静慧,女人在家种种菜买也好呀！没必要非出去打工受气。
等待有緣人,干什么搬砖[龇牙][龇牙][龇牙]
User_1565922538040,做的红烧肉看着都好吃[赞][赞]
得而不惜的你,同款菜刀
知足常乐03645,[赞][赞][赞]
坏情绪%自己扛,阿春穿这么少，胖子穿棉衣干活[捂脸][捂脸][捂脸]
Lntan🍭,封面.
惠84240,[赞][赞][赞]
英子76113,这说反话[捂脸]
刚刚好75807,[赞][赞][赞][赞][赞][赞][赞][赞][赞][花谢了][花谢了][花谢了][花谢了][花谢了][花谢了][花谢了][玫瑰][玫瑰][玫瑰][玫瑰][玫瑰][玫瑰][爱心][爱心][爱心][爱心][爱心][爱心][爱心][爱心]
伤我你可曾后悔611,这个男人挺好的。虽然不懂表达，但他却用心了
一切随缘，90589,胖子真的很好
贺志萍048,[赞][赞][赞][666][666][666]
开心就好,[赞][赞][赞]
飞💃翔🌺,不就打个零工吗，有什么大不了的，有太多太多的人做工地了
れんごくおにぎり,[赞][赞]
刘红9657,[玫瑰]
半捧清风,胖哥这样说话，懂你的人知道你的好意，不懂你的就伤人了
昌静938,胖子说话不好听
快手用户1641907475323,[赞][玫瑰]
杜娟4878,给你买洗衣机去了[捂脸]
快乐伴随你,什么男人
玫瑰人生,[赞][赞][赞][赞]
群姐3531,[赞]
船要靠岸,90后都出来吧[捂脸][捂脸][玫瑰][玫瑰][玫瑰]
人生如茶,[赞]
明天会更好,[赞][赞][赞]
金蝉子,[爱心][爱心][爱心][爱心][爱心][爱心][爱心][爱心][爱心][爱心][爱心][爱心]
三分淑女七分浪♡,这个剧情不喜欢，我都不想看了
喔噢嘿嘿嘿,剧情没有以前的好看了[玫瑰]
永恒羡慕🌗14235,[赞][赞][赞][赞][赞]
蒋美琪🐇🐇姐,[666][666][666][666]
叶琳1999,我说话就这样好话不会好说[笑哭][笑哭]
🌾拾时温柔🌼,春姐，福气好哇！[捂脸][捂脸][捂脸]
💋忆凌💋,胖子和老高谁是她老公[龇牙]
孤独到只剩黑色,100%去买洗衣机了
今生今世,[赞][赞][赞][赞]
玉如烟,[赞][赞][赞][赞]
心语23391想雨918,[666][666][666][666][赞][赞][赞][赞][玫瑰][玫瑰][玫瑰][玫瑰][火][火][火][火][爱心][爱心][爱心][爱心][色][色][色][色]
蓥城060,这红烧肉糖色沒上起，不好看也不好吃。
娟59262,[玫瑰]
晓💐冰,看着菜炒的好吃[赞][赞]
佛晓铃声,肉24一斤？
一笑倾城89857,[赞][赞][赞]
ご黎❤画あ,[赞][赞][赞]
金鑫书语,胖子在透支自己的体力，做模范丈夫真的不容易啊！
薰衣草9866,[赞][赞][666][666]
徐庆,[捂脸][捂脸][捂脸][捂脸][捂脸][捂脸][捂脸][捂脸][捂脸][捂脸]
逗你玩66842,[赞][赞][赞]
快手用户1677382511137,我要是有这样的老公睡着都笑醒掉
宋莉苹,[赞][赞][赞][赞]
太极达人,干活挣钱去了
雨后彩虹99000,[666][666][666]
我是杨杨！！！,别觉得自己有多好。老是说话这种语气，听着都不得劲[抠鼻]
彤玲兮三宝,胖子就不能好好说话吗？关心人也不喜欢这样的说话语气
🍃 随波逐流🍃908,[火]
tempted,[玫瑰]
我一米七七a✨,可以戴手套洗啊
随意开心快乐,@[赞][赞][赞][玫瑰][玫瑰][玫瑰]
🌞89943,[笑哭][赞][666]
易姐179,@[赞][赞]
以礼相待430,[赞][赞][赞][赞]
浪迹天涯,@[赞][赞][赞]
玲珑,[666][666]
🍒 MS  Li,封面字错了吧
夏玲萍,@夏三 @🍺，海燕姐🍺 @★心简单世界就简单 @单身大叔 @梦中女兵 @老李41443 @小懒🐷 的小猪🐷 呢 @User_1614848350995 @凌云2259 @小曦儿吖 @阿伟家的（铁粉） @牛爱芳的小春花 @张常宁-粉丝 @成龙 @康仔农人 @山鸡哥的小师妹 @三姐双胞胎妈妈 @美林和杨俊 @蜀和春 [笑哭][呆住][愉快][色][赞][委屈]
艳艳❤『乐芳，曹家』,17分钟前
李老么,还是个男人，好好珍惜[赞][赞][爱心][爱心]
❤悦,刚好我老公相反会说不会做[哦]这种生活才是女人想过的。
大海波涛][,[赞][赞][赞][赞][赞][赞][赞]
张先森的小胖妞,狗狗好可爱🥰
bu留长发~,剧情变了[捂脸]
懂知足，知感恩,以前干嘛去了？现在有吃回头草呢？
秋水伊人74478,男人有担当有责任，会照顾人
玲玲手工日常🌸,胖子其实很心疼人 只是不好表达 希望你们越来越幸福[玫瑰]
（HY）...,前排
婷紫❣️,对，这样的说话方式不喜欢[捂脸]可能每个人的表达方式不一样吧
下雪的天空333,那个老高呢？[捂脸][捂脸][捂脸]
残疾青春（奕君）808,[爱心][爱心]
꒰ঌ𝟱.,胖子真的很好
吉祥茹意🍒阿狸,豆腐心没必要刀子嘴要改[666]
小熙OK,馋了好想吃呀
张先森的小胖妞,讨厌这样说话的人
.爱美丽🌸,幸福
阳光~小溪,把刀子嘴豆腐心演绎的淋漓尽致，这种说话方式很伤人，很讨厌这种相处方式
佪眸一笑4498,[666][666][666]
記註穎.🦋,喜欢看蜀和春他们视频[玫瑰]
晓红,[666][666][666][666][666]
夏日里的春天057,[赞][赞][赞][赞][赞]
四妹0463,[赞][赞]
明天会更好,[赞][赞]
💫  九月。,[赞]
485753685,[赞][爱心]
鄂尔多斯羊绒订做店,不喜欢这种说话方式[大哭][大哭]
小婉儿,[笑哭][笑哭][赞]
脆❤️。,两分钟前
知心爱人45172,[666][666][赞]
易暖人心“雪”,这个男人心疼人 只是不好表达 人看着老实 合适过日子 希望你们越来越幸福[玫瑰][玫瑰][玫瑰][玫瑰]
小熙OK,一分钟前
🌹🌹不忘初心I,前排 大家给我个赞吧
真心换伤心62654,[玫瑰]
平安是福90018,不如以前的好看了
湜晴天吗.,愿你三冬暖，愿你春不寒，愿你天黑有灯，下雨有伞，愿你一路上，有良人相伴最简单的幸福就是陪伴我现在自己在家做网店一个月也有几万就是能多去陪陪父母家人 过好当下[赞]
不娶ZYF不改名.⚜️,刚刚[愉快]
在听小小霞.,第一
^搞笑女🌷妤蒽,第一
^搞笑女_若晴🌈,第一
甜甜威爱动漫,第一[爱你]
