名称,地址,电话
天怡美装饰工程有限公司,泰山大道东段60号华宇北城中央汇A区,18580515179
重庆生活家装饰工程有限公司,龙山街道嘉鸿大道409号第六空间国际家居现代国际馆,400-680-0011转023
重庆佳天下装饰怎么样，重庆佳天下装饰好不好，佳天下,红黄路445号七彩空间1-5楼,18875009984
重庆天怡美装饰工程有限公司,杨家坪步行街立丹百货2楼-3楼,18696662790
重庆业之峰装饰,渝北区龙头寺力帆时代4栋1楼,19122915669
重庆唐卡装饰公司,金渝轻轨站宜家家居旁,15823149545
重庆佳天下装饰公司,红黄路445号七彩空间1幢1-5楼,15213218524
重庆佳天下装饰工程有限公司-佳天下装饰官网,黄泥磅红黄路445号七彩空间1-5楼,15523415824
重庆百舍装饰设计工程有限公司,伊美大厦五楼,400-680-0011转023
重庆典硕装饰工程有限责任公司,金童路线外城市花园2栋,400-680-0011转023
重庆俏业家装饰工程有限装修公司,金开大道337号金弓·爱尚两江,400-680-0011转023
二十四城家居装饰设计有限责任公司,杨家坪西郊路19号都市桃源商业楼一楼,400-680-0011转023
谦艺设计装饰工作室,五洲国际二楼b-068,400-680-0011转023
方林家居装饰有限公司重庆分公司,金渝大道102-6号,15870541918
重庆艺策装饰工程有限公司,万州区陈家坝街道玉龙路长江之星C1,400-680-0011转023
北京品界装饰有限公司重庆分公司,园博园大雅金开国际1栋,400-680-0011转023
重庆高度国际装饰工程有限公司,金童路汉国金山商业中心A座,400-680-0011转023
重庆艺百年国际设计,两江新区汇流路1号美联国际18楼（宜家旁）,18523391830
重庆兄弟装饰有限公司,（解放碑、江北、南坪、杨家坪、北环、二郎、汽博中心...,400-680-0011转023
华浔品味装饰重庆有限公司,国金中心T1栋19楼,400-680-0011转023
重庆凡花饰景装饰工程有限公司,紫御江山二期,400-680-0011转023
重庆诗然阁装饰工程有限公司,渝州路街道石小路209号附36号,400-680-0011转023
重庆江桥装饰工程有限公司,万州厦门大道鸥鹏天境,400-680-0011转023
尚层装饰（北京）重庆分公司,渝北区财富中心FFC23层,400-680-0011转023
重庆喜焕新家装饰设计有限公司,新南路147-1号巴蜀锦绣广苑2幢2-4,400-680-0011转023
重庆创思维装饰设计有限公司,嘉州路协信中心,400-680-0011转023
重庆十二点装饰工程有限责任公司,茄子溪元石国际1幢,400-680-0011转023
科本未来（重庆）装饰设计工程有限公司,,400-680-0011转023
重庆兄弟装饰工程有限公司-重庆兄弟装饰,汽博中心复城国际,400-680-0011转023
重庆美的家装饰工程有限公司,北滨路金源世纪广场（灯巢）,400-680-0011转023
重庆齐饰家装饰工程有限公司,郑家院子国宾城大门旁,400-680-0011转023
重庆齐饰家装饰工程有限公司,郑家院子国宾城大门旁,400-680-0011转023
重庆港宏装饰设计工程有限公司,海铜路钻石国际6楼,400-680-0011转023
重庆乐尚装饰工程有限公司,重庆江北区观音桥,400-680-0011转023
重庆乐尚装饰工程有限公司,江北区,400-680-0011转023
重庆唐佳装饰工程有限责任公司,文龙街道滨河大道30号,400-680-0011转023
重庆岚庭家居有限公司,华新街街道建新南路1号中信大厦一区2591号,400-680-0011转023
重庆西港装饰有限公司、重庆装修公司,长安丽都揽胜国际4层（轻轨6号线红土地站3A出口）,400-680-0011转023
重庆爱美舍装饰工程有限公司,江北区红旗河沟建玛特,400-680-0011转023
重庆东易日盛装饰工程有限责任公司,两江新区精信中心写字楼A塔,400-680-0011转023
重庆整装公司--美的家鸿馆整装,北部新区金渝大道85号汉国中心禧纳都家居3楼,400-680-0011转023
重庆舍唯装饰工程有限公司,金州大道102号,400-680-0011转023
重庆远景装饰工程有限公司,汽博中心  主城其他区域也有店面（解放碑，观音桥，南...,400-680-0011转023
重庆指尖焕新家装饰工程有限公司,花卉园世纪财富星座7楼,400-680-0011转023
重庆格美装饰有限公司,北部新区金渝大道28号综合楼,400-680-0011转023
重庆唐卡装饰工程有限公司,金渝轻轨站宜家家居旁,400-680-0011转023
重庆淳树室内设计工程有限公司,新壹街1-7-15,400-680-0011转023
重庆东易日盛装饰工程有限责任公司,15023727011（打手机有惊喜）,400-680-0011转023
鲁班装饰集团重庆分公司,财富中心FFC25/26层,400-680-0011转023
红星整装汇,二郎红星美凯龙6楼,400-680-0011转023
重庆纯简易家装饰工程有限公司,轻轨6号线冉家坝站,400-680-0011转023
重庆术景装饰设计工程有限公司,梓潼街道办事处外滩东路61号,400-680-0011转023
重庆维享家装饰工程有限公司,北部新区金渝大道106号金山意库3号楼,400-680-0011转023
重庆卓锐装饰工程设计有限公司,云枫街道寨子坪社区天宫二路203号门市,400-680-0011转023
"重庆整装公司-重庆诗情装饰【官网】,南坪装修公司",南岸区南坪百盛B座7楼,400-680-0011转023
重庆艾的装饰设计工程有限公司,南坪万达广场4-13-8,400-680-0011转023
重庆业之峰装饰有限公司,渝北区龙头寺力帆时代4栋1楼,400-680-0011转023
比永川装修公司好的装修队,城区,400-680-0011转023
重庆山茶花装饰工程有限公司,金开大道1590号两江盛景12楼,400-680-0011转023
时尚智慧装饰公司,潼南区奋进大道476号,400-680-0011转023
重庆爱宅装饰设计有限公司,力帆红星国际广场C1-17-1,400-680-0011转023
重庆市江津区一涧建筑装饰工程有限责任公司,鼎山维也纳酒店2栋10－5,400-680-0011转023
重庆市年之轮装饰设计有限公司,重庆市渝北龙湖MOCO 四栋3004,400-680-0011转023
重庆恺邸装饰设计有限公司,江北区北滨二路星耀天地3栋27楼,400-680-0011转023
重庆凯飞装饰设计工程有限公司,重庆市潼南区桂林街道巴渝大道卓然水晶之城350号门市,400-680-0011转023
重庆凯飞装饰设计工程有限公司,重庆市潼南区桂林街道办事处巴渝大道350号,400-680-0011转023
重庆上宸幸福家装饰,腾芳大道86清腾大厦3号楼1-6F,400-680-0011转023
尚层装饰重庆别墅装修设计公司,黄山大道中段56号渝兴广场B1-21,400-680-0011转023
天津居联峰尚装饰工程有限公司重庆分公司,春晖路93号科力大厦,400-680-0011转023
重庆鹏友百年装饰设计工程有限公司,重庆市江北区红旗河沟北部尚座19楼,400-680-0011转023
重庆图家装饰工程有限公司,渝北区中渝爱都会2栋,400-680-0011转023
重庆宝迪装饰设计工程有限公司,双山路163号,400-680-0011转023
重庆飞道装饰工程有限公司,重庆市黔江区周白街道银座广场3栋103,400-680-0011转023
未来空间唯尚装饰,重庆市涪陵区鹅颈关建玛特三楼A330,400-680-0011转023
重庆交换空间装饰公司,南滨路店 大学城店 二郎店 江津 合川 涪陵等等,400-680-0011转023
重庆泰千装饰设计有限公司,渝南大道301号巴南万达广场E区3楼,400-680-0011转023
重庆京塞家装生活馆,重庆市江北区观音桥渝北四村19号宏福俊悦大厦负一楼,400-680-0011转023
重庆新思路装饰设计工程有限公司,南坪（工贸站）钻石国际商务大厦18楼,400-680-0011转023
潼南华瑞装饰室内设计服务部,潼南江北幼儿园旁边,400-680-0011转023
广州华浔品味装饰集团合川公司,重庆市重庆市合川区希尔安大道1159号,400-680-0011转023
重庆青筑意家装饰工程有限公司,香山国际家居城A2-21号,400-680-0011转023
诗情装饰【官网】︱重庆诗情装饰︱南坪装修公司,重庆市南岸区南坪百盛B座,400-680-0011转023
重庆绿色家装饰工程有限公司,园博园轻轨站大雅金开国际企宸2栋,400-680-0011转023
上海紫苹果装饰重庆分公司,重庆市渝北区精信中心B座8楼,400-680-0011转023
重庆文丰装饰设计工程有限公司,渝中区大坪支路18号2单元30-1（英利国际四号楼）,400-680-0011转023
俐发装饰工程（重庆）有限责任公司,时代天街2号1幢15-5,400-680-0011转023
象田装饰-重庆象田装饰,重庆渝北区花卉园世纪财富星座7楼（花卉园轻轨站1A出...,400-680-0011转023
重庆沅舍设计,重庆渝北区新溉大道99号中渝香奈公馆写字楼6栋27楼，...,400-680-0011转023
重庆市搭某家居设计有限公司,北城天街40号2幢16-18,400-680-0011转023
重庆维尔维尔装饰设计工程有限责任公司,重庆市渝北区红黄路52号御景天成3、4号楼裙房1-1,400-680-0011转023
重庆市铜梁区天吉装饰工程有限公司,东城街道办事处龙城大道643号,400-680-0011转023
重庆俐发建筑装饰工程有限公司,重庆市渝中区时代天街2号1幢15-5#,400-680-0011转023
重庆京塞互联网家装_,渝北四村20号,400-680-0011转023
重庆市潼南德聚装饰工程有限公司,重庆市潼南区江北卓然水晶之城售房部旁,400-680-0011转023
重庆佳馨达建筑装饰工程公司,金童路金茂时代4-23楼,400-680-0011转023
重庆九翔装饰设计工程有限公司,石桥铺雨林商都4楼4-1,400-680-0011转023
重庆朗万软装设计开发有限公司,沙坪坝火车北站东路180号怡馨大厦,400-680-0011转023
重庆佩奇装饰工程有限公司,唐家院子橡树壹号4楼整层,400-680-0011转023
重庆天地和装饰设计有限公司,重庆市九龙坡区-谢陈路-隆鑫国际广场,400-680-0011转023
重庆先戈装饰设计工程有限公司,重庆市渝中区上清寺中山三路157号汇源大厦27楼B座,400-680-0011转023
合川简美装饰设计工作室,花滩新城马赛庄园西门,400-680-0011转023
重庆道坤设计伽装饰,重庆市江北区观音桥海洋广场3栋负3楼101号道坤设计伽...,400-680-0011转023
重庆帝依装饰设计有限公司,宝城路一段123号（天正景苑）,400-680-0011转023
重庆老匠装饰工程有限公司,观月大道502号附21号,400-680-0011转023
重庆宏韵装饰工程有限公司,南岸区亚太路9号玖玺国际9栋3楼,400-680-0011转023
九州圆方建筑装饰公司,交通西路232号（狮子岩）,400-680-0011转023
重庆十二分装饰工程设计有限公司,观音桥喵儿石创意特区37栋负一楼,400-680-0011转023
重庆兆度装饰工程有限公司,重庆市南岸区南坪福天大厦A座3楼,400-680-0011转023
重庆诚拓建筑装饰工程有限,动力国际C座6-16#,400-680-0011转023
广东华浔品味装饰重庆有限公司荣昌分公司,川三文曲苑金源13号广东华浔品味装饰,400-680-0011转023
重庆远乔装饰设计有限公司,石桥铺玉灵路238号二楼,400-680-0011转023
重庆上宸宅配装饰工程有限公司,重庆市腾芳大道86清腾大厦3号楼1-6F,400-680-0011转023
重庆逸洲装饰设计工程有限公司,重庆市江北区红石路5号北部尚座35楼,400-680-0011转023
重庆市铜梁区小籽薇建筑装饰设计工程工作室,重庆市铜梁区东城街道办事处塔山东街489号地34栋6-1,400-680-0011转023
重庆六维装饰工程有限公司,重庆市南岸区西南经协大厦D栋6楼,400-680-0011转023
重庆市渝北区桔子装饰工程有限公司,重庆市渝北区龙溪街道佳园路66号2楼,400-680-0011转023
重庆朝旭装饰设计工程有限公司,金源路64号，黔江区舟北居然之家二楼2-015,400-680-0011转023
重庆上宸宅配装饰工程有限公司,腾芳大道86号上宸大厦,400-680-0011转023
重庆幸运草装饰设计有限公司/启扬装饰,创意大道22幢14,400-680-0011转023
重庆维享家装饰工程有限公司,北部新区金渝大道106号金山意库3号楼,400-680-0011转023
重庆辞旧迎新装饰设计工程有限公司,重庆市南岸区南坪工贸钻石国际6楼,400-680-0011转023
重庆喜巢装饰工程有限公司,奋进大道619号,400-680-0011转023
重庆居众装饰设计工程有限公司,汽博中心新科国际广场,400-680-0011转023
重庆指尖记忆装饰设计工程有限公司,龙溪镇松桥支路1号世纪财富星座7楼,400-680-0011转023
重庆九翔装饰设计工程有限公司,重庆市，九龙坡区，石桥铺雨林商都4楼4-1,400-680-0011转023
北京典硕装饰工程有限责任公司,汽博中心线外城市花园2栋21楼,400-680-0011转023
重庆豆娘装饰工程有限公司,茶园新区卓越国虹时代中心,400-680-0011转023
重庆市东宫装饰工程有限公司,重庆市渝北区春华大道89号附12号,400-680-0011转023
浙江九鼎装饰重庆永川分公司,重庆市永川区兴龙大道协信中心滨湖星天地10栋4-1,400-680-0011转023
重庆芒果装饰设计工程有限公司,红旗河沟龙湖新壹街3栋26楼,400-680-0011转023
重庆道坤网络科技有限公司,重庆市江北区观音桥富力海洋广场2栋负3楼101重庆道坤...,400-680-0011转023
铜梁63装饰集团,重庆市铜梁区东城街道办事处金龙大道399号（一城枫景...,400-680-0011转023
重庆根勤装饰工程有限公司,重庆市九龙坡区彩云大道8号7幢,400-680-0011转023
重庆欧姆家建筑装饰设计有限公司,金山矩阵A座,400-680-0011转023
欧坊装饰合川公司,重庆·合川汽摩交易中心3号馆2楼,400-680-0011转023
生活家装饰有限公司,重庆市永川区人民东路16号,400-680-0011转023
重庆市合川区景珑装饰设计工作室,合川区钓鱼城办事处花漫里37-2-24,400-680-0011转023
合川交换空间装饰有限公司,重庆市合川区宝龙广场,400-680-0011转023
重庆市全正装饰设计工程有限公司,合川义乌大道16号2-2-62-66,400-680-0011转023
重庆兄弟装饰有限公司,重庆渝北区复城国际,400-680-0011转023
荣昌装修,川三文曲苑金源路13号,400-680-0011转023
重庆卓驰装饰工程有限公司,武陵山国际商贸城建材A馆3楼,400-680-0011转023
成都居之家装饰重庆分公司,巴国城诗情广场1－4楼,400-680-0011转023
重庆麦筑装饰工程有限责任公司,重庆市江北区天澜大道11号2幢11-8,400-680-0011转023
象田装饰工程有限公司,花卉园,400-680-0011转023
重庆辰欧装饰/金致尚品,舟白居然之家3-010,400-680-0011转023
重庆方致室内设计有限公司,重庆市渝北区太湖西路1号附9号,400-680-0011转023
重庆合川恒轩装饰公司,合川区上什字建博城,400-680-0011转023
广东华浔品味装饰集团,中兴东路226-228号,400-680-0011转023
63装饰集团,金龙大道399号一城枫景14号楼4楼1-8,400-680-0011转023
重庆巾倬装饰工程有限公司,九龙坡区巴山建材城3楼,400-680-0011转023
北碚区八号装饰设计工作室,重庆市北碚区光荣村64-5-2号,400-680-0011转023
重庆鹏茂建筑装饰工程有限公司,永川区南大街38号1-2-1,400-680-0011转023
重庆爱港装饰工程有限公司,总部：南坪,400-680-0011转023
重庆市贝宇装饰有限公司简介,重庆市北部新区金渝大道85号汉国中心B座12-3,400-680-0011转023
重庆三和装饰有限公司,渝北金开大道,400-680-0011转023
重庆捷海装饰工程有限公司,沙龙路三段光彩大市场,400-680-0011转023
华浔品味装饰重庆有限公司,重庆市江北区加州一号福彩大厦2层,400-680-0011转023
重庆绿色家装饰工程有限公司,大雅金开国际.企宸2栋,400-680-0011转023
上久装饰,重庆合川,400-680-0011转023
广东星艺装饰集团铜梁分公司,重庆铜梁,400-680-0011转023
重庆市铜梁区匠艺装饰工程有限公司,重庆市铜梁区,400-680-0011转023
重庆唐卡装饰工程有限公司铜梁分公司,重庆市 重庆市 铜梁县,400-680-0011转023
广州星艺装饰集团合川有限公司,重庆市 重庆市 合川区 南滨花园,400-680-0011转023
合川新未来装饰工程有限公司,重庆合川,400-680-0011转023
天地和家装合川豪装工厂店,重庆合川,400-680-0011转023
重庆二十四城家居装饰设计有限公司,杨家坪轻轨站大洋百货旁,400-680-0011转023
重庆德艺装饰公司,重庆合川,400-680-0011转023
荣昌鸿祥装饰设计有限公司,重庆荣昌,400-680-0011转023
荣昌县五洲五金装饰城有限公司,重庆荣昌,400-680-0011转023
荣昌县精视豪装饰有限公司,重庆荣昌,400-680-0011转023
荣昌华丰广告装饰有限公司,重庆荣昌,400-680-0011转023
速腾装饰有限公司,重庆荣昌,400-680-0011转023
荣昌县亿隆装饰有限公司,重庆荣昌,400-680-0011转023
裕隆装饰有限公司,重庆荣昌,400-680-0011转023
新空间装饰荣昌公司,重庆荣昌,400-680-0011转023
而东装饰荣昌分公司,重庆荣昌,400-680-0011转023
成都居之家装饰工程有限公司重庆分公司,冉家坝圣地大厦2-3楼,400-680-0011转023
华浔品味装饰集团合川分公司,金科世界城联合一百三楼,400-680-0011转023
鑫福翔装饰有限公司,重庆荣昌环宇,400-680-0011转023
東禾装饰公司,重庆荣昌,400-680-0011转023
荣昌金泰装饰公司,重庆荣昌荣和路,400-680-0011转023
信业装饰公司,重庆荣昌学院路,400-680-0011转023
凯文装饰,重庆荣昌,400-680-0011转023
重庆乾图装饰设计有限公司(荣昌分公司店),重庆市荣昌区迎宾大道,400-680-0011转023
荣昌县视觉装修工作室,重庆荣昌县汇宇建材市场一期,400-680-0011转023
广东星艺装饰荣昌公司,重庆市荣昌区帝豪丽都,400-680-0011转023
广东华浔品味装饰集团重庆有限公司合川分公司,金科世界城联合一百三楼,400-680-0011转023
贝宇装饰,汽博-金童路-汉国中心B座12-3,400-680-0011转023
北京紫名都,川三文曲苑金源路,400-680-0011转023
重庆东易日盛装饰有限公司,北滨二路星耀天地1栋11F,400-680-0011转023
合川路悦装饰公司,重庆合川梧桐街,400-680-0011转023
重庆唐卡装饰工程有限公司合川分公司,重庆 重庆市合川区钓办处嘉滨路,400-680-0011转023
重庆帝豪装饰工程有限公司,荣昌·玉屏街,400-680-0011转023
美星装饰,重庆市 重庆市 荣昌县,400-680-0011转023
重庆雪瑞装饰公司,重庆市渝北区龙溪聚信居然之家君巢米拉酒店25楼,400-680-0011转023
重庆象田装饰设计工程有限公司,重庆市渝北区龙溪镇松桥支路1号财富星座7楼,400-680-0011转023
重庆根勤装饰工程有限公司,重庆市九龙坡区彩云大道8号7幢,400-680-0011转023
重庆天使梦缘家居装饰工程有限公司,重庆市两江新区金渝大道68号5栋13楼02室,400-680-0011转023
重庆天至宏建筑装饰设计工程有限公司,沙坪坝小龙坎华天俊秀a-6楼,400-680-0011转023
重庆美的家装饰鸿馆整装,汉国中心3楼,400-680-0011转023
重庆艾尔美装饰艺术设计工程有限公司,重庆九龙坡区石桥铺一城精英国际2207,400-680-0011转023
重庆二十四城装饰有限公司,重庆市杨家坪西郊路19号（轻轨站B出口）,400-680-0011转023
重庆舍稳装饰设计有限公司,重庆渝北区花卉园世纪财富星座7楼,400-680-0011转023
重庆市潼南区汉德美居装饰工程有限公司,江北桂林街道办事处旁向阳路253号,400-680-0011转023
重庆齐饰家装饰工程有限公司,郑家院子轻轨站3号线出口50米,400-680-0011转023
重庆远景装饰公司——装修第一网旗舰店,主城区都有店面（解放碑、江北、南坪、渝北、二郎、大...,400-680-0011转023
燊婕装饰工程有限公司,重庆市万州区光彩市场A2,400-680-0011转023
成泽装饰,向阳路109号,400-680-0011转023
重庆融发之家装饰有限公司,江北大石坝东原D7写字楼4栋9楼,400-680-0011转023
重庆寒舍装饰设计有限公司,桂林街道福江名城381号,400-680-0011转023
建欧装饰设计制作有限公司,江北新城 春阳街 373号（江北酒店往下走50米）,400-680-0011转023
重庆乾维装饰工程有限公司,重庆市江北区观音桥浩博天庭24-3(爱尔眼科楼上，中信...,400-680-0011转023
重庆兄弟装饰公司,金渝大道复地复城国际,400-680-0011转023
重庆博玛装饰工程有限公司,渝北区金开大道万科万悦汇2B栋18楼,400-680-0011转023
晟誉家装饰设计有限公司,潼南区江北福江名城大门口,400-680-0011转023
重庆沅舍装饰设计有限公司,新溉大道99号香奈公馆写字楼6栋27楼,400-680-0011转023
重庆市祥信堂装饰设计工程有限公司,阳光路96号,400-680-0011转023
重庆辰丁家居设计有限公司,谢家湾华润万象城,400-680-0011转023
重庆象田装饰设计工程有限公司,重庆渝北区松桥路6号世纪财富星座7楼,400-680-0011转023
重庆圆满装饰设计工程有限公司,重庆市石桥铺南华街66号附85号14-2号,400-680-0011转023
重庆山茶花装饰工程有限公司,重庆市江北区红旗河沟,400-680-0011转023
重庆红玛瑙互联网装修认证,重庆市渝北区新溉大道231号附2号,400-680-0011转023
重庆远乔装饰设计有限公司,巴南区李家沱都和广场8楼,400-680-0011转023
兄弟装饰电话重庆兄弟装饰公司,主城各区都有门店,400-680-0011转023
重庆面对面装饰,五里店明日城市广场R6,400-680-0011转023
重庆家宝建筑装饰工程设计有限公司,重庆市渝北区金渝大道新科国际2-16-3,400-680-0011转023
重庆典硕装饰工程有限责任公司,汽博中心线外城市花园2栋21楼,400-680-0011转023
重庆仁众建筑装饰工程有限公司,长征北路90号,400-680-0011转023
重庆诗情装饰设计工程有限公司,重庆南岸区南坪西路百盛,400-680-0011转023
重庆馨鹏良装饰设计工程有限公司,重庆九龙坡区谢家湾正街51号华润广场B座25楼11,400-680-0011转023
重庆馨鹏良装饰设计工程有限公司,重庆九龙坡区谢家湾正街51号华润广场B座25楼11,400-680-0011转023
重庆新成装饰设计公司,重庆市潼南区桂林街道冬雪街74号,400-680-0011转023
重庆唐卡装饰工程有限公司,江北区苏宁超级旗舰店5层,400-680-0011转023
重庆红玛瑙装饰有限公司,重庆市渝北区新溉大道231号附2号,400-680-0011转023
饰海逸家装饰工程有限公司,南坪百盛,400-680-0011转023
饰海逸家装饰工程有限公司,南坪区百盛大厦b座13楼,400-680-0011转023
紫微龙德装饰设计工程有限公司,梓潼街道办事处创业大道欧鹏中央公园高层一期10栋1层8...,400-680-0011转023
重庆三好速装中心,狮子坪华宇北辰中央A区60号,400-680-0011转023
重庆桔子装饰工程有限公司,重庆市渝北区龙溪街道佳园路66号银海北极星,400-680-0011转023
重庆美饰源装饰工程有限公司,重庆市渝中区两江丽景大酒店群楼4楼,400-680-0011转023
重庆十月装饰设计有限责任公司,重庆市丰都县三合街道平东路三支路22号,400-680-0011转023
重庆匠心家装饰设计工程有限公司,巴南龙洲湾旭辉城,400-680-0011转023
重庆金蚂蚁装饰设计有限公司,渝北区金山矩阵A座17楼,400-680-0011转023
重庆九创装饰工程有限公司,重庆市渝北区新牌坊哈弗轻舟站君悦世纪二楼,400-680-0011转023
重庆世博居装饰工程有限公司,九龙园区剑龙北路1号附205,400-680-0011转023
克兰斯集成顶墙,武陵山国际商贸城A区二楼696-3-71-72-73,400-680-0011转023
重庆唤新家装饰工程有限公司-旧房翻新,环湖路16号美心楼2楼（海峡路公交车站旁）,400-680-0011转023
重庆天馨壹品实业有限公司,大学城富力西城广场2楼12-13号,400-680-0011转023
重庆卓坊装饰工程有限公司,重庆市渝中区长江一路66号,400-680-0011转023
重庆卓野装饰工程有限公司,重庆市渝北区新南路186号金科蚂蚁2幢6楼,400-680-0011转023
重庆雅智尔装饰工程有限公司,重庆嘉州协信中心A座15楼,400-680-0011转023
重庆匠心家装饰设计工程有限公司,巴南区龙洲湾旭辉乐活城,400-680-0011转023
"兄弟装饰,重庆兄弟装饰公司",；庆兄弟装饰公司,400-680-0011转023
津家易电子商务有限公司,江津鼎山大道江津大酒店旁大悦城写字楼2号楼7楼,400-680-0011转023
重庆熙帝装饰有限公司,大学城微电园轻轨站旁,400-680-0011转023
重庆喜满堂装饰设计工程有限公司,重庆市南岸区南坪西路1号西计大厦7楼,400-680-0011转023
重庆达迈装饰设计有限公司,大坪万科锦程3栋32楼,400-680-0011转023
重庆计意龙装饰工程有限公司,重庆九龙坡区龙泉路华宇·阳光尚座18号附38号,400-680-0011转023
重庆东易日盛装饰工程有限责任公司,江北区星耀天地1栋11楼,400-680-0011转023
重庆市卓野装饰工程有限公司,重庆市渝北区新南路186号金科蚂蚁,400-680-0011转023
重庆品铭装饰设计,渝北区金开大道1002号万科万悦汇1B栋17层,400-680-0011转023
重庆匠心家装饰设计工程有限公司,重庆市巴南区万达广场旭辉乐活城,400-680-0011转023
广东华浔品味装饰集团重庆有限公司,重庆江北区北滨路居然之家灯巢4喽,400-680-0011转023
重庆玖零捌零装饰设计有限公司,谢家湾正街55号,400-680-0011转023
重庆九鼎日盛装饰集团,重庆市渝北区园博园翠渝路46号重庆房子,400-680-0011转023
重庆市非文装饰有限公司,钓办处嘉滨路389,400-680-0011转023
重庆优木家装饰工程有限公司,九龙坡区杨家坪步行街国际金融大厦16楼,400-680-0011转023
重庆华发装修工程有限公司,重庆市渝北区新溉大道99号中渝香奈公馆8号写字楼11层,400-680-0011转023
重庆图卓装饰工程有限公司,重庆铜梁区龙城大道799号（玉泉公园对面）,400-680-0011转023
重庆天怡美装饰工程有限公司,重庆北站南广场对面，狮子坪轻轨站2号出口,400-680-0011转023
重庆佳装惠装饰公司,鱼洞云篆山水F区2楼,400-680-0011转023
重庆欧也装饰工程有限公司,渝北区新溉大道2号负1层,400-680-0011转023
重庆艺百年装饰工程有限公司,两江新区汇流路美联大厦18楼（宜家家居旁）,400-680-0011转023
重庆川林装饰工程有限公司,五红路,400-680-0011转023
重庆亨元装饰工程有限公司,重庆市江北区南桥寺永辉广场大楼五楼,400-680-0011转023
重庆亨元装饰工程有限公司,江北区南桥诗永辉广场总部大楼5楼,400-680-0011转023
重庆亨元装饰工程有限公司,江北南桥寺永辉总部大楼5F,400-680-0011转023
重庆市渝中区泷匠装饰工程有限公司,重庆市渝中区经纬大道333号,400-680-0011转023
重庆优木家装饰工程有限公司,九龙坡杨家坪步行街国际金融大厦16F,400-680-0011转023
重庆优木家装饰公司,九龙坡区杨家坪,400-680-0011转023
重庆梦翔装饰工程有限公司,重庆渝北区汽博中心99号16-26,400-680-0011转023
重庆世博居装饰设计有限公司,九龙坡区九龙园区剑龙北路1号附203/204/205,400-680-0011转023
成都市华诚建筑装饰有限公司重庆分公司,玖玺国际,400-680-0011转023
重庆齐饰家装饰工程有限公司,长江二路16号,400-680-0011转023
重庆市卓野装饰工程有限公司,渝北区龙溪镇依云雅筑2、3、4、5号门面,400-680-0011转023
重庆世博居装饰工程有限公司,剑龙北路1号,400-680-0011转023
重庆图家装饰工程有限公司,重庆江北区红旗河沟华创大厦,400-680-0011转023
重庆图家装饰工程有限公司,红旗河沟华创大厦,400-680-0011转023
天猫家装e站璧山站,,400-680-0011转023
重庆纯简易家装饰工程有限公司,杨家坪步行街新世纪百货对面（404公交终点站）。,400-680-0011转023
重庆德本建筑装饰工程有限公司,洋河北路 力帆体育馆4楼,400-680-0011转023
重庆图家装饰工程有限公司,红旗河沟华创酒店,400-680-0011转023
重庆象田装饰公司,渝北区松桥路5号世纪财富星座7楼,400-680-0011转023
重庆世博居装饰,九龙园区剑龙北路1号附205,400-680-0011转023
重庆市交换空间装饰工程有限公司二郎分公司,重庆市九龙坡区科技大道96号附12号、附23号,400-680-0011转023
重庆匠心家装饰设计工程有限公司,重庆市巴南区学堂湾万达广场附近,400-680-0011转023
重庆格调装饰设计工程有限公司,渝中区黄花园双铜路3号科协大厦裙楼4楼,400-680-0011转023
重庆维尔维尔装饰设计工程有限公司,重庆渝北区红黄路52号御景天成3、4号裙楼1-1,400-680-0011转023
重庆正蓝装饰有限公司,卢作孚路603号,400-680-0011转023
重庆优木家装饰工程有限公司,九龙坡区步行街国际金融大厦16楼,400-680-0011转023
重庆正蓝装饰有限公司,重庆市北碚区碚峡路218号附2号,400-680-0011转023
重庆优木家装饰有限公司,杨家坪步行街金融大厦,400-680-0011转023
重庆亨元装饰工程有限公司,永辉总部大楼5F,400-680-0011转023
重庆壹贰叁装饰设计工程有限公司,舟北汽摩商谷9栋2-7,400-680-0011转023
重庆雅智尔装饰工程有限公司,嘉州·协信中心A栋15-2,400-680-0011转023
成都居之家装饰工程有限公司重庆分公司,重庆市渝北区冉家坝银桦圣地大厦门2-3楼,400-680-0011转023
重庆亨元装饰工程有限公司,南桥寺永辉总部大楼5F,400-680-0011转023
重庆正蓝装饰有限公司,碚峡路218号,400-680-0011转023
重庆亨元装饰工程有限公司,南桥寺永辉总部大楼5F,400-680-0011转023
重黔江壹贰叁装饰设计工程有限公司,舟白新城银座99号9栋2-7,400-680-0011转023
重庆奥斯咖装饰设计有限公司,重庆北部新区金开大道大雅金开国际企宸2栋4层（居然之...,400-680-0011转023
重庆亨元装饰工程有限公司,永辉总部大楼5F,400-680-0011转023
重庆天馨壹品实业有限公司,沙坪坝大学城东路70号天馨壹品,400-680-0011转023
重庆庆城装饰设计工程有限公司,渝北区新溉大道99号中渝香奈公馆写字楼,400-680-0011转023
重庆唐卡装饰工程有限公司,观音桥步行街苏宁电器5楼,400-680-0011转023
重庆米屋装饰工程有限公司,凤凰郡车库下行100米，红绿灯旁,400-680-0011转023
广东华浔品味装饰集团重庆有限公司,北滨一路368号灯巢国际灯饰博览会中心4楼406号铺位,400-680-0011转023
重庆维尔维尔国际家居装饰,重庆市渝北区龙塔街红黄路50号御景天成裙楼商场,400-680-0011转023
美的家鸿馆整装公司,渝北区金渝大道汗国中心3楼,400-680-0011转023
广东华浔品味装饰集团重庆有限公司,北滨路居然之家4楼406,400-680-0011转023
重庆大豆装饰工程有限公司,重庆市渝北区中渝爱都会2栋3楼,400-680-0011转023
重庆喜满堂装饰有限公司,重庆市南岸区南坪西路1号西计大厦7-8楼,400-680-0011转023
高度国际装饰设计集团,华盛路10号企业天地2号楼21层,400-680-0011转023
重庆视觉色装饰有限公司,民安大道447号金地豪苑1.2.3楼,400-680-0011转023
重庆市野象装饰艺术设计工程有限公司,谢家湾华润广场B座1613,400-680-0011转023
重庆优乐装饰工程有限公司,江北区红旗河沟,400-680-0011转023
重庆诗情装饰设计工程有限公司,南坪百盛浪高凯悦,400-680-0011转023
重庆唐卡装饰工程有限公司,江北区观音桥嘉年华大厦,400-680-0011转023
重庆爱达装饰工程有限公司,学府大道33号招商局大厦1楼,400-680-0011转023
重庆塞纳春天互联网家装,重庆市江北区观音桥,400-680-0011转023
重庆塞纳春天互联网家装,重庆市江北观音桥星天广场,400-680-0011转023
重庆华发装修工程有限公司,中渝香奈公馆8号楼11层,400-680-0011转023
重庆视觉色装饰有限公司,人和金地豪园3楼,400-680-0011转023
尚层装饰（北京）有限公司重庆分公司,渝北广场B1-21,400-680-0011转023
重庆格美装饰工程有限责任公司,金渝大道28号,400-680-0011转023
重庆诗情装饰设计工程有限公司,百盛,400-680-0011转023
重庆航鸿幕墙装饰设计有限公司,重庆市南岸区南坪东路39号,400-680-0011转023
重庆龙发建筑装饰工程有限公司,金源路62号,400-680-0011转023
重庆圣景室内设计工作室,重庆市江北区红土地立交长都商务大厦14楼,400-680-0011转023
重庆端木装饰工程有限公司,重庆渝北区西部建材城办公楼4楼412号,400-680-0011转023
熙和兰廷装饰工程有限公司,潼南县北城天骄1--1、2、3、7、8号,400-680-0011转023
重庆千度装饰工程有限公司,重庆大坪龙湖时代天街A2栋12-22号,400-680-0011转023
重庆市张白鸽装饰设计工程有限公司,重庆市江北区天澜大道11号（星耀天地）2-6-9,400-680-0011转023
重庆蚂蚁管家装饰工程有限公司,铜梁区迎宾东路158号（龙腾盛世旁）,400-680-0011转023
重庆东瀚装饰设计有限公司,重庆市北碚区卢作孚路338号,400-680-0011转023
重庆玛道装饰工程设计有限公司,重庆市渝中区大坪石油路万科中心4号写字楼14-13.14.15,400-680-0011转023
重庆塞纳春天互联网装饰公司,狮子坪轻轨站中渝爱都会2幢3楼,400-680-0011转023
重庆塞纳春天互联网装饰公司,江北区观音桥东环路红鼎国际名苑星天广场,400-680-0011转023
重庆市张白鸽装饰设计工程有限公司,江北区天澜大道11号（星耀天地）2-6-9,400-680-0011转023
重庆优乐装饰工程有限公司,杨家坪动物园毛线沟站,400-680-0011转023
重庆优乐装饰设计工程有限公司,九龙坡区杨家坪动物园毛线沟车站旁,400-680-0011转023
重庆优乐装饰工程有限公司,九龙坡区动物园斜对面优乐装饰,400-680-0011转023
重庆安吉乐智能科技有限公司,重庆市渝北区新溉大道力帆时代A座15楼（轻轨3号线唐家...,400-680-0011转023
业之峰诺华家居装饰集团股份有限公司,联系电话：18716739447渝北区人和金开大道两江天地大...,400-680-0011转023
重庆梦翔装饰工程有限公司,重庆市渝北区汽博中心1626,400-680-0011转023
重庆玛道装饰设计有限公司,大坪石油路万科中心四号楼14-13,400-680-0011转023
重庆龙发建筑装饰工程有限公司,北滨路工商大学大门旁边,400-680-0011转023
重庆君者居装饰设计有限公司,渝中区大坪英利国际二单元26-8,400-680-0011转023
重庆亦鎏装饰设计工程有限公司,渝北龙湖MOCO-A馆2栋31-8,400-680-0011转023
重庆交换空间装修公司,渝北区金开大道园博园轻轨站,400-680-0011转023
重庆交换空间装饰有限公司,北部新区金开大道1230号（轨道3号线园博园站旁）,400-680-0011转023
重庆交换空间装饰有限公司,北部新区金开大道1230号（轨道3号线园博园站旁）,400-680-0011转023
重庆交换空间装饰有限公司,北部新区金开大道1230号，轨道3号线园博园站旁,400-680-0011转023
交换空间装饰大学城分店,大学城龙湖拉特芳斯商业街1楼,400-680-0011转023
重庆同之心建筑装饰设计有限公司,巴南区金鹿大道3052号,400-680-0011转023
重庆同之心建筑装饰设计有限公司,金鹿大道2888号,400-680-0011转023
北京尚都国际装饰有限公司万州分公司,王牌路382号中天广场,400-680-0011转023
重庆千野一麦装饰设计有限公司,重庆市渝中区一号桥协信公馆一麦咖啡（近黄花园轻轨站...,400-680-0011转023
重庆家饰界装饰有限公司,龙城大道396号（金泉超市出口楼上）,400-680-0011转023
重庆美信装饰设计有限公司,南坪百联上海城嘉德中心2号楼22楼,400-680-0011转023
重庆承旗装饰工程有限公司,重庆市九龙坡区南方花园B区,400-680-0011转023
重庆先戈装饰设计工程有限公司,上清寺中山三路157号汇源大厦27楼B座,400-680-0011转023
重庆诗情装饰南坪店,重庆市南岸区浪高凯悦国际商务大厦B座7楼,400-680-0011转023
重庆亨元装饰设计工程有限公司,重庆市江北区南桥寺永辉大厦五楼15802339640（罗鹏）,400-680-0011转023
尚层装饰(北京)有限公司重庆分公司,渝北区黄山大道中段渝兴广场B1座21层,400-680-0011转023
重庆喜满堂装饰设计工程有限公司,南坪西路1号西计大厦7楼,400-680-0011转023
重庆爱港装饰设计工程有限公司,重庆市南岸区南坪玖玺国际6栋22楼,400-680-0011转023
高度国际装饰工程有限公司,李子坝企业天地2号楼21层,400-680-0011转023
重庆益硕装饰工程有限公司,重庆市铜梁区双远凤凰郡金街（红路灯十字路口旁）,400-680-0011转023
广东华浔品味装饰集团重庆有限公司,北滨路居然之家406,400-680-0011转023
重庆市弘依诺装饰工程有限责任公司,重庆市南岸区亚太商谷3栋5-3,400-680-0011转023
重庆云禾装饰工程有限公司,长江二路39号,400-680-0011转023
重庆大良尚居装饰设计工程有限公司,重庆九龙坡区兴堰路3号北大资源燕南7街区8至12号,400-680-0011转023
重庆诗情装饰设计工程有限公司,南坪百盛,400-680-0011转023
重庆亨泽昌装饰设计工程有限公司,杨家坪建设广场(万象城旁)A座25-8,400-680-0011转023
北京全值家互联网装饰,重庆市渝北区中渝爱都会2栋3楼,400-680-0011转023
重庆意十流建筑装饰设计有限公司,重庆市江北区宏帆路9号,400-680-0011转023
重庆禾堂悦舍装饰设计有限公司,重庆市黔江区舟白新城中央府邸8-2-8,400-680-0011转023
重庆交换空间装饰工程有限公司旧房改造中心,重庆市两江新区汇流路1号美联国际购物广场（宜家家居...,400-680-0011转023
重庆龙发建筑装饰工程有限公司,渝北区红黄路439号,400-680-0011转023
重庆八丰鸿装饰有限公司,重庆巴南区马王坪正街,400-680-0011转023
睿·皓鑫装饰,铜梁区东城街道办事处桫椤路79号,400-680-0011转023
诗情装饰︱重庆诗情装饰︱重庆整装装修报价,重庆市南岸区南坪百盛,400-680-0011转023
重庆美的家装饰工程有限公司,江北区北滨路金源购物广场灯巢,400-680-0011转023
交换空间装饰有限公司合川分部,重庆市合川区宝龙广场43栋2楼（建行楼上）,400-680-0011转023
重庆西港工程设计有限公司,揽胜国际广场,400-680-0011转023
重庆视觉色装饰有限公司,江北区红旗河沟洋河一路国际商会大厦21楼,400-680-0011转023
重庆全值家互联网装饰,渝北区中渝爱都会2栋3楼,400-680-0011转023
新浪装修抢工长,红旗河沟建玛特,400-680-0011转023
重庆浪凡装饰工程有限公司,重庆市北部新区晶瑞大厦1栋8楼,400-680-0011转023
重庆牛尔装饰工程有限公司,重庆市九龙坡二郎科城路167号蓝光彩云府商业楼10栋4-1,400-680-0011转023
重庆美的家装饰鸿馆整装,渝北区禧纳都3F,400-680-0011转023
亿家享装饰安装服务公司,温州商贸城D区38栋2-2,400-680-0011转023
重庆汇月装饰设计有限公司,丹景路6号金色家园A1栋8-2,400-680-0011转023
重庆德品装饰工程有限公司,重庆江北区红旗河沟东和银都酒店5楼（苏宁电器楼旁）,400-680-0011转023
重庆迎春花装饰工程有限公司,重庆市南岸区长江国际9楼,400-680-0011转023
重庆格美装饰工程有限责任公司,重庆市北部新区金渝大道28号,400-680-0011转023
重庆典硕国际设计机构,重庆市渝北去汽博中心线外城市花园2栋21楼,400-680-0011转023
重庆迎春花装饰工程有限公司,重庆江北区观音桥步行街江田大厦7楼（茂业天地对面泰...,400-680-0011转023
重庆佳特装饰设计有限公司,重庆市南岸区南坪城市之光29-8,400-680-0011转023
重庆迎春花装饰工程有限公司,重庆市江北区建新北路25号江田大夏6-7楼,400-680-0011转023
重庆亿森装饰工程有限公司,重庆市潼南区江北北城天骄天骄银座装饰城2楼5号（江北...,400-680-0011转023
秀山县艺阁装饰设计有限责任公司,重庆市秀山县凤翔路5号（麻土农商行对面）,400-680-0011转023
重庆迎春花装饰工程有限公司,江北区建新北路25号江田大厦7楼,400-680-0011转023
高度国际装饰设计集团,化龙桥企业天地2楼21楼,400-680-0011转023
重庆龙发装饰有限责任公司,黄泥磅红黄路439号,400-680-0011转023
重庆和家建筑工程有限公司,观音岩-临华路,400-680-0011转023
重庆亨元装饰设计工程有限公司,南桥寺永辉大厦,400-680-0011转023
重庆唐卡装饰工程有限公司,观音桥步行街,400-680-0011转023
重庆君者居设计有限公司,重庆市渝中区大坪英利国际2单元26楼8号,400-680-0011转023
重庆质诚巧匠家园装饰工程有限公司,重庆市渝中区大坪康德国际SOCO写字楼14层,400-680-0011转023
重庆瀚雅装饰工程有限公司,（南海城水厂家属院）新禹小区2单元2-2,400-680-0011转023
重庆象田装饰设计工程有限公司,渝北区花卉园世纪财富星座13101290268（肖）,400-680-0011转023
重庆唐卡装饰工程有限公司,江北区观音桥嘉年华大厦5楼（苏宁易购5楼）,400-680-0011转023
鹏瑞装饰工程有限公司,沙坪坝区荔枝桥13号1栋19-5,400-680-0011转023
重庆融发之家装饰工程有限公司,大石坝东原D7区4栋9楼,400-680-0011转023
尚层装饰（北京）有限公司重庆分公司,黄山大道中段6号渝兴广场B1-21号,400-680-0011转023
尚层装饰（北京）有限公司重庆分公司,渝北区黄山大道中段56号渝兴广场b1座21-22楼,400-680-0011转023
重庆博玛装饰工程有限公司,金开大道万科万悦汇351号2B栋,400-680-0011转023
重庆港潮室内设计事务所,重庆市永川区协信滨湖星天地11栋3层港潮高端室内设计...,400-680-0011转023
重庆鹏友百年饰爵装饰工程有限公司,江北红旗河沟建玛特北部尚座A栋19-18,400-680-0011转023
重庆亨元装饰有限公司,南桥寺永辉总部5楼,400-680-0011转023
重庆好时嘉装饰工程有限公司,南岸区亚太路玖玺台1栋,400-680-0011转023
重庆达瑞装饰工程有限公司,大学城思贤路羲城蓝湾2层,400-680-0011转023
重庆市派阁森装饰工程有限公司,万州区沙龙路二段,400-680-0011转023
重庆木松装饰设计工程有限公司,渝中区龙湖时代天街D馆11栋17楼,400-680-0011转023
博玛装饰工程有限公司,重庆市渝北区金开大道万科万悦汇,400-680-0011转023
重庆亨元装饰设计工程有限公司,重庆市江北区南桥寺永辉大厦5F,400-680-0011转023
兄弟整装设计中心,垫江温州商贸城A3区二楼,400-680-0011转023
重庆市国汇装饰有限责任公司,重庆市巴南区巴南大道66号5-1,400-680-0011转023
北京正道建筑装饰工程有限公司重庆分公司,重庆市北部新区湖彩路88号3幢7-13,400-680-0011转023
重庆象田装饰设计工程有限公司,重庆渝北区松桥路6号世纪财富星座7楼（轻轨花卉园站1A...,400-680-0011转023
重庆佳格瑞装饰工程有限公司,重庆市大渡口区双山路,400-680-0011转023
重庆木松装饰设计工程有限公司,重庆市渝中区大坪龙湖时代天街D馆11栋17楼,400-680-0011转023
北京欧润装饰工程有限公司,重庆市江北区五里店,400-680-0011转023
重庆仁倍装饰设计有限公司,重庆市沙坪坝区大杨公桥104号附1号（杨公桥地铁站旁）,400-680-0011转023
重庆象田装饰设计工程有限公司,重庆渝北区花卉园世纪财富星座7楼（轻轨花卉园站1A出...,400-680-0011转023
北京龙发建筑装饰工程有限公司重庆分公司,黄泥磅红黄路439号,400-680-0011转023
重庆市津家易电子商务有限责任公司,江津区鼎山大道大悦城2栋写字楼7层（江津大酒店旁）,400-680-0011转023
重庆庆城装饰工程有限公司,南坪步行街金台大厦28-4,400-680-0011转023
美德精美家装有限公司,大同街305栋1楼,400-680-0011转023
重庆格调华冠装饰设计工程有限公司,重庆市渝北区红星美凯龙侧面金科蚂蚁2栋6楼,400-680-0011转023
重庆象田装饰设计工程有限公司,重庆渝北花卉园世纪财富星座（彭18875046636）,400-680-0011转023
广东华浔品味装饰集团重庆有限公司,渝北区红锦大道48号加州一号福彩大厦二楼,400-680-0011转023
广东华浔品味装饰集团重庆有限公司,重庆市渝北区红锦大道48号加州一号福彩大楼二楼,400-680-0011转023
重庆乐置家全智能装饰设计有限公司,重庆市江北区五里店欧亚达家居5楼,400-680-0011转023
潼南区素色空间设计工作室,重庆市潼南江北新城莲花西路212（檀香山朝阳宾馆下江...,400-680-0011转023
重庆尚层装饰,重庆市渝北区黄山大道56号渝兴广场B1座21层,400-680-0011转023
重庆市秀山县亮点装饰有限公司,3C市场2楼,400-680-0011转023
森装装饰公司潼南店,重庆市潼南县江北新城中医院525号,400-680-0011转023
KD室内设计事务所,江北区北滨二路星耀天地3栋,400-680-0011转023
重庆龙发建筑装饰工程有限公司,重庆江北区红黄路439号,400-680-0011转023
重庆艾尔美装饰设计工程有限公司,重庆九龙坡石桥铺一城精英国际2207室,400-680-0011转023
合川星艺装饰公司,南滨花园（苹果装饰）,400-680-0011转023
重庆春来室内装饰设计事务所,潼南桂林街道办事处科艺福江名城17-1-58号（红绿灯旁...,400-680-0011转023
尚层装饰（北京）有限公司重庆分公司,重庆市渝北区黄山大道56号渝兴广场B1座21/22层,400-680-0011转023
尚层装饰(北京)有限公司重庆分公司,重庆市 重庆市 渝北区 黄山大道中段56号渝兴广场B1-21...,400-680-0011转023
重庆一品装饰,潼南凉风垭华夏一品,400-680-0011转023
尚层装饰（北京）有限公司重庆分公司,渝北区黄山大道中段渝兴广场B1-21\22层,400-680-0011转023
重庆乐置家装饰有限公司,-五里店-欧亚达家居5楼-乐置家装饰,400-680-0011转023
重庆亿森装饰工程有限公司,重庆市潼南区江北新城北城天骄装饰城2楼5号（江北中医...,400-680-0011转023
重庆壹佳壹园林景观工程有限公司,汽博新科国际3-30-15,400-680-0011转023
重庆德玛装饰工程有限公司,垫江县佳艺美庭1A-08,400-680-0011转023
重庆甲壳虫广告装饰工程有限公司,公交上中心,400-680-0011转023
重庆唐卡装饰工程有限公司,江津区祥瑞财富中心,400-680-0011转023
重庆业之峰装饰公司,重庆渝北区人和金开大道56号两江天地负一楼1-3,400-680-0011转023
重庆涪陵古天装饰设计工作室,涪陵建玛特B302-1,400-680-0011转023
重庆北鼎装饰工程有限公司,重庆市渝北区加州山顶道8号8栋4单元502,400-680-0011转023
重庆大一天装饰设计工程有限公司,重庆市江北区红旗河沟建玛特商场4楼413-1,400-680-0011转023
北京尚都国际装饰,王牌路中天广场五楼,400-680-0011转023
重庆澜派装饰工程有限公司,石桥铺新锐地带E栋9-6,400-680-0011转023
重庆太岳居正装饰设计有限公司,五里店转盘-欧亚达家居5楼,400-680-0011转023
重庆乐置家装饰有限公司,重庆市江北区五里店欧亚达家居5楼,400-680-0011转023
重庆卓坊装饰工程有限公司,火炬大道朵力尚美国际2-8门面,400-680-0011转023
重庆深行装饰有限公司,重庆市渝北区龙溪镇聚信建材市场君巢酒店27楼,400-680-0011转023
重庆象田装饰设计工程有限公司,渝北花卉园世纪财富星座7楼,400-680-0011转023
上海宏誉装饰集团重庆分公司,二郎红星美凯龙7楼,400-680-0011转023
重庆宏誉家装装饰工程有限公司,重庆市 重庆市 九龙坡区 二郎红星美凯龙7楼[地图],400-680-0011转023
垫江县正典装饰设计有限公司,垫江佳艺美庭2楼17-18（温州商贸城路口）,400-680-0011转023
重庆市鹏泰家好佳网络科技有限公司,江北区观音桥洋河中路富力海洋广场,400-680-0011转023
重庆深行装饰设计工程有限公司,渝北龙溪镇聚信建材城A座27楼,400-680-0011转023
重庆西港装饰工程有限公司,重庆市红土地立交长安华都揽胜国际广场4楼,400-680-0011转023
重庆专业别墅设计公司,和信大厦3楼,400-680-0011转023
重庆巴联装饰工程有限公司,重庆市垫江县丹湖苑旁2楼,400-680-0011转023
重庆文丰装饰设计工程有限公司,重庆市渝中区大坪支路18号2单元30-1,400-680-0011转023
重庆唯楷装饰工程有限公司,江北区北滨路珠江国际B4栋21-3,400-680-0011转023
重庆宏誉家装装饰工程有限公司,江北大石坝,400-680-0011转023
广东华浔品味装饰集团重庆有限公司,红锦大道52号福彩大厦2楼,400-680-0011转023
重庆宏誉家装装饰工程有限公司,九龙坡区二郎红星美凯龙7楼,400-680-0011转023
好时嘉整装装饰有限公司,重庆市南岸区亚太路9号玖玺国际1栋6-1,400-680-0011转023
重庆优乐装饰工程有限公司,重庆九龙坡区动物园轻轨站A出口右行50米,400-680-0011转023
重庆天怡美装饰工程有限公司,华宇北城中央A区,400-680-0011转023
北京交换空间璧山装饰公司,东山路4号（瀛嘉天下帝逸城8栋2楼）,400-680-0011转023
重庆汉德装饰工程有限公司,南坪西路27号福天大厦3楼,400-680-0011转023
重庆优乐装饰工程有限公司,杨家坪动物园轻轨站前面,400-680-0011转023
重庆宏誉家装装饰工程有限公司,重庆九龙坡二郎红星美凯龙7楼地标,400-680-0011转023
重庆汉德装饰工程有限公司,南坪西路27号福天大厦A座3楼,400-680-0011转023
尚层装饰(北京)有限公司重庆分公司,重庆市渝北区黄山大道56号渝兴广场B1座21、22层,400-680-0011转023
金典装饰,垫江县职中雅苑33号门市,400-680-0011转023
重庆九创装饰工程有限公司,红锦大道518号蓝天锦湖苑第一栋2层201室,400-680-0011转023
重庆太岳居正装饰设计有限公司,重庆市江北区五里店欧亚达家居五楼,400-680-0011转023
重庆宁瑞装饰设计工程有限公司,重庆市渝北区汽博中心叠彩城公寓楼H1栋10-4,400-680-0011转023
重庆象田装饰设计有限公司,重庆渝北区花卉园世纪财富星座7楼,400-680-0011转023
重庆俏业家装饰工程有限装修公司,重庆市渝北金童路金山商务大厦9楼,400-680-0011转023
重庆优乐装饰有限公司,重庆市江北区红旗河沟红黄路华创大厦三楼,400-680-0011转023
重庆麦兜装饰工程有限公司,重庆市南岸区南滨路龙湖郦江S3-0203,400-680-0011转023
重庆乐置家全智能装饰设计有限公司,五里店欧亚达家居五楼,400-680-0011转023
重庆宾鹏整体装饰有限公司,潼南区凉风垭华夏一品（水果批发市场斜对面）二楼,400-680-0011转023
流星雨门窗投资有限公司,重庆潼南县凉风垭创意大道加油站斜对面,400-680-0011转023
重庆喜满堂装饰设计工程有限公司,重庆市南岸区南坪西计大厦7楼整层（南坪百盛对面）,400-680-0011转023
广东南国鼎峰装饰公司铜梁分部,重庆市铜梁区东莘路389号,400-680-0011转023
重庆家装e站重庆站,江北区华新街城市领地A座2楼,400-680-0011转023
联顺装饰设计有限公司,垫江县丹湖苑大门口,400-680-0011转023
重庆乐置家装饰有限公司,重庆市渝北区五里店转盘欧亚达5楼,400-680-0011转023
重庆市垫江县典诚装饰设计中心,重庆市垫江县桂西大道牡丹城正大门26-1-21号门市,400-680-0011转023
多彩饰家（北京）品牌管理有限公司重庆分公司,重庆市,400-680-0011转023
重庆市年之轮装饰设计有限公司,重庆市渝北区中渝都会首站2栋15-11,400-680-0011转023
重庆融发之家装饰工程有限公司,重庆市江北区,400-680-0011转023
重庆乐风装饰设计工程有限公司,重庆合川义乌建材城3栋2楼74号,400-680-0011转023
重庆排名最好值得推荐的装修公司,重庆主城各区设有分店,400-680-0011转023
重庆唐卡装饰工程有限公司,重庆市江北区观音桥步行街嘉年华大厦5楼,400-680-0011转023
重庆意诚美装饰工程有限公司,红旗河沟转盘东和银都B座10层整层,400-680-0011转023
重庆汉德装饰有限公司,重庆南岸区南坪西路27号福天大厦A座三楼,400-680-0011转023
重庆汉德装饰工程有限公司,南坪西路27号福天大厦A座3楼,400-680-0011转023
重庆戴斯装饰设计工程有限公司,咨询：189 8397 8973,400-680-0011转023
华浔品味装饰集团重庆港分公司,重庆市渝北区加州一号福彩大厦二楼,400-680-0011转023
秀山宏韬装饰工程有限公司,中和街道义洲二街26号,400-680-0011转023
重庆梁平金艺博装饰设计有限公司,梁平县机场路520号（劲道足浴院内）,400-680-0011转023
浩诚装饰设计工作室,重庆市潼南区桂林街道办事处甘泉西路43号,400-680-0011转023
杨昌盛装饰设计部,重庆市潼南区巴渝东路20号,400-680-0011转023
重庆市恒轩装饰有限公司,塔山东街588号附8号,400-680-0011转023
重庆市天衡装饰有限公司,双远凤凰郡27栋1-3楼,400-680-0011转023
潼南金匠装饰,潼南县江北巴渝大道158号(北城丽都正大门对面),400-680-0011转023
重庆鸿观装饰设计中心,普罗旺斯二期大门旁,400-680-0011转023
重庆天吉装饰工程有限公司,龙城大道643号(普罗旺斯)一期,400-680-0011转023
广州华宁装饰集团铜梁分公司,龙城大道649号,400-680-0011转023
重庆市菊生装饰工程有限公司,普罗旺斯东岸34-1-20,400-680-0011转023
重庆佐佑装饰设计工程有限公司,铜梁区龙腾盛世中门旁,400-680-0011转023
重庆市恒轩装饰有限公司,南津街香榭丽苑19、20号门面,400-680-0011转023
重庆象田装饰设计工程有限公司,红石路116号世纪财富星座7楼（花卉园轻轨站旁）,400-680-0011转023
香港匠艺百年装饰,铜梁区龙城大道588号（新天地）,400-680-0011转023
重庆戴斯装饰工程有限公司,重庆市渝北区狮子坪轻轨站旁,400-680-0011转023
北京交换空间装饰璧山公司,东山路4号附4号,400-680-0011转023
重庆尚吉建筑装饰工程有限公司,重庆市铜梁区龙城大道507号,400-680-0011转023
重庆原筑装饰,尚品世家售楼部旁,400-680-0011转023
重庆中欧装饰设计工程有限公司,南坪福天大厦B座10-2,400-680-0011转023
重庆仟峰装饰工程有限公司,龙城大道400号,400-680-0011转023
重庆熙和兰廷装饰工程有限公司,铜梁淮远古韵创味江湖楼上,400-680-0011转023
重庆千度装饰有限公司,大坪龙湖时代天街A2馆12-21,400-680-0011转023
广东南国鼎峰装饰,兰亭别院大门口,400-680-0011转023
重庆西港装饰专业百姓装潢公司,江北、九龙坡、南岸、渝中、渝北、巴南、北碚均可服务,400-680-0011转023
重庆启腾百年装饰设计工程有限公司,重庆南岸区亚太路9号6栋22楼-13号,400-680-0011转023
重庆交换空间装饰工程有限公司,重庆市南坪国际会展中心玖玺国际,400-680-0011转023
重庆天猫家装e站,江北华新街城市领地A座2楼,400-680-0011转023
重庆千顺装饰工程有限公司,重庆松树桥聚信名家汇A座1510,400-680-0011转023
北京交换空间装饰璧山公司,重庆市璧山区东山路4号附4号,400-680-0011转023
重庆鹏锦装饰设计有限公司,佳合春晓92号门市,400-680-0011转023
军军装修,秀山县凤凰社区艾家院,400-680-0011转023
重庆欧乐装饰公司,重庆市南岸区南坪西路27号福天大厦A座,400-680-0011转023
香港大盒子国际设计机构,重庆市渝北区汽博中心线外城市花园11栋22楼,400-680-0011转023
重庆鼎轩装饰工程有限公司,红旗河沟建马特北部尚座23楼,400-680-0011转023
重庆华浔品味装饰,渝北区红锦大道48号君顿精品酒店旁,400-680-0011转023
重庆鼎轩装饰工程有限公司,红旗河沟转盘 北部尚座23楼（建玛特广场）,400-680-0011转023
重庆优乐装饰工程有限公司,重庆市九龙坡区动物园南门,400-680-0011转023
重庆汇美居装饰工程有限公司,二郎千叶街区2栋11楼,400-680-0011转023
世峰装饰设计有限公司,桂溪镇美家美建材城左旁1栋406-407,400-680-0011转023
重庆大型公益装修、设计栏目,渝州路彩电中心,400-680-0011转023
重庆市欧乐装饰有限公司,重庆市南岸区南坪西路27号福天大厦A座,400-680-0011转023
重庆奥和意装饰设计工程有限公司,重庆市渝中区大坪龙湖时代天街3号楼31楼,400-680-0011转023
重庆欧乐装饰有限公司,重庆市南岸区南坪福天大厦A座3楼,400-680-0011转023
重庆云顶装饰工程有限公司,潼南江北江城丽都613号,400-680-0011转023
重庆元筑装饰工程有限公司,南岸区茶园茶花路17号附9号2-13,400-680-0011转023
成都华诚精艺建筑装饰工程有限公司重庆分公司,重庆南岸区亚太路玖玺国际7栋23-8,400-680-0011转023
重庆天工工装有限公司,重庆市沙坪坝三峡广场煌华新纪元4号楼,400-680-0011转023
重庆闺阁品室装饰工程有限公司,重庆市万州区沙龙路一段,400-680-0011转023
重庆千度装饰设计工程有限公司,重庆市江北区红旗河沟建马特北部尚座15楼--千度装饰,400-680-0011转023
尚层装饰（北京）有限公司重庆分公司,黄山大道中段56号渝兴广场B1栋-21/22层,400-680-0011转023
重庆欧乐装饰工程有限公司,重庆市南岸区南坪西路27号福天大厦A座3楼,400-680-0011转023
重庆帕提龙装饰工程有限公司,重庆市黔江区官坝建材家居市场D区二楼,400-680-0011转023
重庆优乐装饰工程有限公司,杨家坪动物园轻轨站A出口右走五十米,400-680-0011转023
华艺装饰,重庆市秀山县东大街邮政银行对面华艺装饰,400-680-0011转023
重庆七彩空间装饰墙面集成系统,金龙花园建材市场,400-680-0011转023
重庆龙城装饰工程有限公司,重庆市秀山县华信爱情广场二楼（中国农业发展银行楼上...,400-680-0011转023
天非施工图深化设计公司、天非酒店深化设计公司,重庆朝天门海客瀛洲C座4507,400-680-0011转023
重庆天非施工图深化设计公司,朝天门海客瀛洲C座4507室,400-680-0011转023
重庆优乐装饰工程有限公司,九龙坡区杨家坪动物园斜对面,400-680-0011转023
重庆纯简易家装饰工程有限公司,渝北人和立交金地豪苑1楼,400-680-0011转023
重庆先戈装饰设计工程有限公司,上清寺 中山三路157号 汇源大厦27层B座,400-680-0011转023
重庆千泰装饰工程有限公司,三峡广场-庆泰大厦18-9,400-680-0011转023
重庆知行营创装饰工程有限公司,大坪时代天街C馆18号楼22楼,400-680-0011转023
重庆欧乐装饰工程有限公司,南坪西路27号福天大厦A座3楼（灯饰广场对面）,400-680-0011转023
重庆零夏装饰有限公司,南坪江南大道浪高国际D栋2楼,400-680-0011转023
重庆欧乐装饰有限公司,南坪西路27号福天大厦,400-680-0011转023
重庆绿庭装饰工程有限公司,牌楼阳光国际C栋,400-680-0011转023
重庆业之峰装饰有限公司,人和金开大道56号,400-680-0011转023
重庆木格装饰设计工程有限公司,重庆市南岸区江南大道7号2栋2-3号,400-680-0011转023
北京交换空间装饰璧山分公司,重庆市璧山区瀛嘉天下.帝逸城（东山路4号附4号),400-680-0011转023
重庆索菲特装饰工程有限公司,重庆杨家坪步行街金融大厦21楼,400-680-0011转023
重庆优乐装饰设计有限责任公司,重庆市九龙坡区杨家坪动物园斜对面,400-680-0011转023
重庆木格装饰公司,地址：重庆市南岸区江南大道7号浪高韵阁2栋2F,400-680-0011转023
重庆业腾装饰工程有限公司,黔江官坝锦绣苑门卫室前行50米（红木家居馆对面）,400-680-0011转023
重庆木格装饰工程有限公司,重庆南岸区工贸浪高韵阁2楼,400-680-0011转023
深圳托尔美装饰公司,垫江县桂西大道垫一中斜对面,400-680-0011转023
重庆业之峰峰格汇家居装饰有限公司,渝北区金开大道56号两江天地大厦（迪卡侬旁）业之峰装...,400-680-0011转023
重庆唐卡装饰工程有限公司,江北区观音桥步行街CBD,400-680-0011转023
北京国际品界装饰(),重庆市 重庆市 渝北区 光电园渝兴广场B1-21/22层,400-680-0011转023
业之峰装饰重庆分公司,渝北人和金开大道两江天地业之峰装饰,400-680-0011转023
重庆业之峰装饰公司,重庆市渝北区人和金开大道两江天地（迪卡龙旁）业之峰...,400-680-0011转023
重庆美加格装饰工程有限公司,大坪龙湖时代天街C馆18栋20楼,400-680-0011转023
重庆美加格装饰工程有限公司,渝中区大坪龙湖·时代天街C馆18栋20楼,400-680-0011转023
重庆美加格装饰工程有限公司,重庆市大坪时代天街时代汇18栋20楼,400-680-0011转023
香港大盒子设计有限公司,重庆市渝北汽博中心线外城市花园11栋22楼,400-680-0011转023
金海洋百货,凉风垭,400-680-0011转023
重庆千汇装饰设计有限公司,垫江县南阳邮局斜对面,400-680-0011转023
重庆市垫江县鼎好居装饰设计工程有限公司,垫江县桂西大道计生委底楼,400-680-0011转023
重庆家祥装饰,南坪金台大厦9-2/9-3,400-680-0011转023
重庆木格装饰设计工程有限公司,南岸区江南大道7号浪高韵阁2F,400-680-0011转023
重庆优乐装饰工程有限公司,重庆市九龙坡杨家坪动物园轻轨站A号出口右转前行50米,400-680-0011转023
重庆业之峰装饰公司,人和金开大道两江天地56号（迪卡侬旁）,400-680-0011转023
天猫家装e站,重庆市万州区白岩路,400-680-0011转023
重庆兄弟装饰工程有限公司,金童路站复城国际10楼,400-680-0011转023
北京尚层装饰重庆分公司,"渝北区黄山大道中段56号渝兴广场B1-21,22层(光电园轻...",400-680-0011转023
重庆炫麟装饰工程有限公司,重庆市九龙坡区杨家坪盾安九龙都A栋18-6,400-680-0011转023
聚美家装饰,江北新世纪百货旁边贵足道对面,400-680-0011转023
重庆美加格装饰工程有限公司,龙湖时代天街18栋20楼,400-680-0011转023
重庆优乐装饰工程有限公司,杨家坪核心商圈附近（动物园对面},400-680-0011转023
重庆君者居建筑装饰设计工程有限公司,重庆渝中区大坪英利国际广场2号楼26-8#,400-680-0011转023
重庆戈承装饰设计工程有限公司,铜元局街道亚太路(亚太商谷15栋),400-680-0011转023
重庆西港装饰工程有限公司,杨家坪轻轨2号线动物园站B出口,400-680-0011转023
重庆君者居建筑装饰设计工程有限公司,重庆渝中区大坪英利国际广场2号楼26-8#,400-680-0011转023
重庆永川乐勋饰佳装饰有限公司,二转盘梅西二楼,400-680-0011转023
重庆市美作美嘉装饰工程有限公司,重庆市北部新区金渝大道68号新科国际2幢-12-3,400-680-0011转023
重庆盛庭装饰设计有限公司,永嘉大道102号附63号,400-680-0011转023
重庆业之峰装饰有限公司,重庆市渝北区人和金开大道两江天地业之峰装饰,400-680-0011转023
重庆豆豆妈装饰设计,隆鑫花漾岭4-1-15,400-680-0011转023
重庆源艺装饰设计公司,重庆江北区红旗河沟建马特36-6,400-680-0011转023
重庆木格装饰设计工程有限公司,重庆市南岸区江南大道7号浪高韵阁2楼,400-680-0011转023
重庆美加格装饰工程有限公司,重庆市渝中区石油路时代天街,400-680-0011转023
重庆天怡美装饰工程有限公司,渝北区天宫大道华宇北城中央A区天怡美装饰（火车北站...,400-680-0011转023
重庆天怡美装饰工程有限公司,庆市渝北区龙头寺天宫大道华宇北城中央A区（重庆北站...,400-680-0011转023
重庆鹏友百年装饰设计公司,红旗河沟建玛特19楼,400-680-0011转023
华浔品味装饰重庆有限公司,红锦大道52号（重庆福彩大厦2层）,400-680-0011转023
重庆尚融装饰材料有限公司,重庆市沙坪坝区大河沟106号附9号,400-680-0011转023
重庆木格装饰设计工程有限公司,重庆市南岸区江南大道7号浪高韵阁2楼（南坪工贸大厦左...,400-680-0011转023
重庆天怡美装饰工程有限公司,天工大道华宇中央汇A区,400-680-0011转023
重庆乐尚装饰工程有限公司,重庆江北观音桥,400-680-0011转023
重庆大盒子装饰有限工程,汽博中心,400-680-0011转023
重庆木格装饰设计工程有限公司,地址：重庆市南岸区江南大道7号浪高韵阁2F,400-680-0011转023
重庆业之峰装饰有限公司,重庆市渝北区新溉大道231峰格汇家居,400-680-0011转023
香港金亿世家装饰有限公司,重庆市北部新区金渝大道89号4栋4楼（汽博中心线外城市...,400-680-0011转023
重庆视觉色装饰有限公司,渝北人和立交转盘（重庆邮局对面）,400-680-0011转023
秀山家逸居装饰工程有限责任公司,重庆市秀山县五岳广场（重庆银行旁）,400-680-0011转023
重庆奥诺装饰工程有限公司,南岸区南坪公交枢纽站旁南坪大厦B栋9楼,400-680-0011转023
重庆渝装装饰工程有限公司,重庆市沙坪坝大学城富力城2期虎溪车站旁,400-680-0011转023
重庆涪陵美的家装饰工程有限公司,鹅景观建玛特3层B1-13,400-680-0011转023
重庆梦翔装饰工程有限公司,重庆渝北区宝圣大道466号,400-680-0011转023
北京尚层装饰（北京）有限公司重庆分公司,渝北区财富中心,400-680-0011转023
重庆乐尚装饰工程有限公司,观音桥泰兴电脑城,400-680-0011转023
重庆欧也装饰工程有限公司,渝北区新溉大道2号负1层,400-680-0011转023
重庆天怡美装饰工程有限公司,渝北区宝华大道泰山大道东段（路口）旁,400-680-0011转023
重庆尚然装饰工程有限公司,渝中区瑞天路51号雍江御庭7栋1503,400-680-0011转023
重庆美的家装饰工程有限公司,渝中区七星岗,400-680-0011转023
重庆亿家美装饰工程有限公司,河运校万科锦程1栋16层,400-680-0011转023
重庆乐置家装饰有限公司,五里店欧亚达家具5楼乐置家装饰,400-680-0011转023
重庆渝赣装饰工程有限公司,江北区北城天街东和城1-8-18（望海花市沃尔玛楼上）,400-680-0011转023
重庆琼楼装饰有限公司,园博园金开大道1588号（园博园轻轨站 下车即到）两江...,400-680-0011转023
重庆创野装饰,酉阳老药厂对面,400-680-0011转023
潼南花千树装饰设计有限公司,潼南区江北巴渝大道90号【春天诗意大门门市】,400-680-0011转023
重庆独栋别墅装修全案或半包服务专家,渝北区黄山大道中段56号渝兴广场B1,400-680-0011转023
重庆木格装饰公司,江南大道7号浪高韵阁2楼,400-680-0011转023
广东九木堂装饰云阳分公司,滨江大道628号,400-680-0011转023
【杨木匠】装饰设计工作室,潼南凉风垭四方花园后街华夏天宇售楼部上行,400-680-0011转023
重庆美的家装饰工程有限公司,北滨路金源世纪广场,400-680-0011转023
重庆意德琳装饰工程有限公司,1,400-680-0011转023
重庆市木格装饰设计工程有限公司,重庆市南岸区江南大道7号浪高韵阁2F（南坪工贸大厦左...,400-680-0011转023
重庆市木格装饰设计工程有限公司,重庆市南岸区江南大道7号浪高韵阁2F（南坪工贸大厦左...,400-680-0011转023
新视野玻璃家具馆,重庆市秀山县中和镇临江小区2号,400-680-0011转023
重庆视觉色装饰有限公司,重庆市江北区洋河一路78号国际商会大厦21F,400-680-0011转023
重庆木格装饰设计工程有限公司,重庆市南岸区江南大道7号浪高韵阁2楼（南坪工贸大厦左...,400-680-0011转023
广东华浔品味装饰集团重庆有限公司,重庆市江北北滨路灯巢406华浔品味装饰,400-680-0011转023
尚层装饰(北京)有限公司重庆分公司,重庆市渝北区黄山大道56号渝兴广场B1座21、22层,400-680-0011转023
重庆喜满堂装饰设计工程有限公司,重庆市南坪区南坪西路一号西计大厦七楼,400-680-0011转023
重庆格调万海利装饰,观音桥红十字会医院对面的COSOM大厦A座12楼,400-680-0011转023
重庆天怡美装饰工程有限公司,重庆市渝北区天宫大道华宇中央A区,400-680-0011转023
重庆欧也智能整体装饰有限公司,渝北区新溉大道2号负1层,400-680-0011转023
重庆欧也智能整体家装有限公司,渝北区新溉大道2号负1层,400-680-0011转023
重庆欧也装饰工程有限公司,渝北区新溉大道2号负1层,400-680-0011转023
重庆业之峰风格汇家居装饰有限公司,重庆市渝北区新溉路231号天工太阳岛,400-680-0011转023
重庆木格装饰设计工程有限公司,重庆市南岸区江南大道7号浪高韵阁2F（南坪工贸大厦左...,400-680-0011转023
重庆业之峰峰格汇家居装饰有限公司,地址：重庆市渝北区新溉大道231号天工太阳岛,400-680-0011转023
潼南诚国装饰集团有限公司,江北汽车站出站口对面二楼（江北购物中心二楼）,400-680-0011转023
乔迁之喜装饰工程建材有限公司,涪江大桥北桥头（凤凰台小区对面）,400-680-0011转023
重庆帝博天谷装饰工程有限公司,大石坝东原D7三期三幢11-6-8,400-680-0011转023
爱家装饰,秀山县中和镇乌杨街道,400-680-0011转023
重庆诗情装饰设计工程有限公司,总部管理机构：中国·重庆南岸区南坪金台大厦,400-680-0011转023
重庆优乐淘相音装饰工程有限公司,重庆市渝中区菜袁坝黄沙溪车站对面,400-680-0011转023
重庆品豪装饰工程有限公司,重庆南岸区金紫街112号,400-680-0011转023
重庆西港装饰工程有限公司,九龙坡杨家坪动物园轻轨站2号线B出口九龙明珠2楼,400-680-0011转023
鸿君装饰工程有限公司,舟白汽摩商谷3-105、106,400-680-0011转023
重庆优乐装饰工程有限公司,重庆渝中区菜袁路黄沙溪车站旁,400-680-0011转023
重庆重庆象田装饰公司,观音桥茂业天地13-30,400-680-0011转023
重庆业之峰装饰有限公司,重庆市渝北区新溉路231号天工太阳岛(新溉立交市公安局...,400-680-0011转023
重庆木格装饰设计工程有限公司,重庆市南岸区江南大道7号浪高韵阁2F（南坪工贸大厦左...,400-680-0011转023
重庆喜满堂装饰设计工程有限公司,重庆市,400-680-0011转023
重庆鼎轩装饰工程有限公司,江北区红旗河沟建玛特楼上23-5,400-680-0011转023
重庆唐卡装饰工程有限公司,江北区观音桥,400-680-0011转023
西港装饰工程有限公司,九龙坡区轻轨2号线动物园站B出口九龙明珠2层,400-680-0011转023
重庆木格装饰有限公司,3313819597,400-680-0011转023
重庆九正装饰设计工程有限公司,重庆渝北新牌坊中渝都会2栋26,400-680-0011转023
重庆西港装饰工程有限公司,重庆九龙坡区轻轨2号线杨家坪动物园站,400-680-0011转023
重庆喜满堂装饰工程限公司,南坪西路1号西计大厦7楼,400-680-0011转023
重庆视觉色装饰有限公司,江北区红旗河沟洋河一路国际商会大厦21楼,400-680-0011转023
广州美星装饰设计有限公司綦江分公司,綦江区沙溪路山予城16栋19-20商铺,400-680-0011转023
重庆兄弟装饰工程有限公司,重庆各个分区均有设计机构,400-680-0011转023
重庆奥诺装饰设计工程有限公司,重庆南岸区南坪大厦9楼（公交车站）,400-680-0011转023
重庆国广装饰工程有限公司,重庆市渝北区汽博中心线外写字楼2-502,400-680-0011转023
香港大盒子设计机构,金童路线外城市花园11栋22楼,400-680-0011转023
重庆瓦特装饰设计有限公司,重庆市江北区红旗河沟北部尚座22-1,400-680-0011转023
重庆兄弟装饰工程有限公司,金开大道金童路轻轨站复城国际10楼,400-680-0011转023
重庆奥廉装饰设计工程有限公司,石油路龙湖时代天街C馆18栋17/18层,400-680-0011转023
重庆标马装饰工程有限公司,江北区聚信国际建材市场A栋17-2,400-680-0011转023
重庆欧也装饰工程有限公司,渝北区新溉大道2号负1层,400-680-0011转023
重庆先戈装饰设计工程有限公司,重庆市渝中区上清寺中山三路157号汇源大厦27楼B座,400-680-0011转023
重庆生活家装饰工程有限公司,重庆市江北区红旗河沟红黄路20号附1号,400-680-0011转023
重庆喜满堂装饰设计工程有限公司,重庆市南岸区南坪西路1号西计大厦7楼,400-680-0011转023
重庆敬之装饰设计工程有限公司,重庆渝中区大坪大坪正街88-3,400-680-0011转023
重庆亚坤建筑装饰工程有限公司,重庆市江北区观音桥浩博天庭13-10,400-680-0011转023
重庆土拨鼠装饰设计工程有限公司,重庆江北鸿恩寺红石路段东原D7区四期1幢16-6#,400-680-0011转023
重庆喜满堂装饰设计工程有限公司,南坪万达广场西计大厦7楼,400-680-0011转023
重庆交换空间|重庆交换空间装饰公司,南坪会展中心融创玖玺国际,400-680-0011转023
重庆蓝奇装饰设计有限公司,重庆渝北区红星美凯龙旁金科蚂蚁A座22—4,400-680-0011转023
道春凯斯装饰集团,南坪万达广场城市之光30楼,400-680-0011转023
重庆喜满堂装饰设计工程有限公司,重庆市南岸区南坪步行街西计大厦7楼,400-680-0011转023
重庆业之峰装饰重庆最大最环保的装修公司,重庆市渝北区新溉大道231号天工太阳城业之峰装饰,400-680-0011转023
重庆华港装饰设计工程有限公司,渝能明日城市广场R8-401、403,400-680-0011转023
重庆鼎景装饰有限公司,西普大厦19－2,400-680-0011转023
重庆达瑞装饰工程有限公司,重庆沙坪坝区大学城思贤路羲城蓝湾2层,400-680-0011转023
重庆家之歌装饰设计工程有限公司,九龙坡区石桥铺石新路160附92号(巴山医院对面),400-680-0011转023
重庆巨禾装饰设计有限公司,重庆市南岸区南坪嘉德中心2号8-5,400-680-0011转023
重庆唐卡装饰有限公司,重庆市江北区观音桥步行街,400-680-0011转023
重庆木格装饰设计工程有限公司,重庆市南岸区江南大道7号浪高韵阁2栋2F（南坪工贸大厦...,400-680-0011转023
北京龙发建筑装饰工程有限公司重庆分公司,黄泥磅红黄路439号,400-680-0011转023
重庆傲云装饰设计工程有限公司,杨家坪建玛特A座25,400-680-0011转023
重庆宁瑞装饰设计工程有限公司,重庆渝北汽博中心叠彩城H1栋1004,400-680-0011转023
重庆市璧山区亨煊装饰工程有限公司,重庆市璧山区双星大道璧兰河1号附48号门面,400-680-0011转023
重庆安其居装饰设计有限公司,重庆市渝北区红石路88号美景华联F13-10（花卉园对面，...,400-680-0011转023
重庆木格装饰设计工程有限公司,重庆市南岸区江南大道7号浪高韵阁2F（南坪工贸大厦左...,400-680-0011转023
重庆木格装饰工程有限公司,重庆市南岸区江南大道7号浪高韵阁2F（南坪工贸大厦左...,400-680-0011转023
重庆野战装饰设计有限公司,华璞城汽车时代广场4-9-6,400-680-0011转023
重庆市黔江瑞.远航装饰设计公司,黔江区官坝路锦绣苑大门口,400-680-0011转023
重庆捷弘装饰工程有限公司,重庆市沙坪坝区小龙坎正街东原ARC广场3-7013,400-680-0011转023
重庆巨烁装饰设计工程有限公司,重庆市九龙坡区袁家岗奥体路1号附5栋9楼,400-680-0011转023
甘肃帝宏环艺装饰设计工程秀山分公司,东大街167号2层,400-680-0011转023
重庆金蜜蜂装饰工程有限公司,杨家坪车站建设大厦2楼,400-680-0011转023
重庆奥廉装饰设计有限公司,龙湖时代天街C馆18栋17 楼,400-680-0011转023
智恩设计装饰工作室,重庆市江北区小宛,400-680-0011转023
重庆壹玖陆零（纯舍设计工作室）装饰设计工程有限公司,重庆市九龙坡区谢家湾万象城,400-680-0011转023
重庆东玄装饰公司,重庆朝天门海客瀛洲C座4507,400-680-0011转023
重庆木格装饰设计工程有限公司,重庆市南岸区南坪江南大道7号浪高韵阁2F(南坪工贸大厦...,400-680-0011转023
重庆爱新家建筑装饰工程设计有限公司,重庆市沙坪坝区天马路75号19-17,400-680-0011转023
酉阳县万博装修有限责任公司,桃花源中路147号,400-680-0011转023
重庆喜满堂装饰设计工程有限公司,总部：重庆南岸区南坪西路一号西计大厦7楼,400-680-0011转023
重庆黔江流云装饰,城东街道半山国际车库后门教堂对面,400-680-0011转023
合晟装饰,重庆渝北区冉家坝扬子江商务中心F22（轻轨冉家坝5号出...,400-680-0011转023
重庆千度装饰工程有限公司,重庆市渝中区大坪龙湖时代天街A馆2栋12楼,400-680-0011转023
重庆维尔维尔国际家居装饰,渝北龙塔街红黄路50号御景天成裙楼（黄泥磅轻轨站）,400-680-0011转023
西港装饰工程有限集团,九龙坡区轻轨2号线动物园站,400-680-0011转023
喜满堂装饰设计工程有限公司,重庆市南岸区南坪西路1号西计大厦7楼,400-680-0011转023
重庆挚是建筑设计有限公司,酉阳县桃源镇桃花园大道南路307,400-680-0011转023
重庆玄武装饰设计有限公司,江北区观音桥红鼎国际C座20楼14号,400-680-0011转023
业之峰峰格汇家居装饰有限公司,新溉大道231号,400-680-0011转023
西港装饰工程有限公司,九龙坡区轻轨2号线动物园站B出口,400-680-0011转023
重庆交换空间装饰工程有限公司,南坪玖玺国际8栋,400-680-0011转023
重庆罗马世家装饰工程有限公司,重庆渝北金港国际金易都会9楼,400-680-0011转023
重庆文景装饰设计工程有限公司,酉阳桃源新都会商场二楼（工商银行楼上）,400-680-0011转023
重庆迷你装饰设计工程有限公司,重庆沙坪坝区金沙国际12-7,400-680-0011转023
重庆中欧装饰设计工程有限公司,南坪福田大厦,400-680-0011转023
重庆美的家装饰工程有限公司,北滨路金源世纪广场,400-680-0011转023
重庆罗马世家装饰工程有限公司,重庆渝北金港国际金易都会9楼13号,400-680-0011转023
重庆梵巣装饰设计有限公司,重庆梵巣装饰设计有限公司,400-680-0011转023
重庆文丰装饰设计工程有限公司,重庆是渝中区大坪支路18号2单元30-1,400-680-0011转023
重庆城市印象装饰工程有限公司,江北区大石坝东原D7（新世纪百货）对面雪屿佳苑B4-9,400-680-0011转023
重庆傲云装饰，重庆十强装饰企业,谢家湾建工三村,400-680-0011转023
重庆业之峰装饰有限公司,新溉大道231号峰格汇家居,400-680-0011转023
重庆维尔维尔装饰工程有限公司,黄泥磅公交车站旁,400-680-0011转023
重庆千度装饰工程有限公司,大坪龙湖时代天街A2栋12楼21/22/23号,400-680-0011转023
重庆斌成装饰设计有限公司,沙区升伟建材城1-28-9,400-680-0011转023
重庆生活家装饰工程有限公司,重庆市江北区红旗河沟东红黄路20号附1号,400-680-0011转023
重庆建品装饰工程有限公司,西城大院金科500间11楼,400-680-0011转023
重庆天色装饰设计有限责任公司,杨家坪龙湖西街星座A座29楼,400-680-0011转023
重庆爱港装饰设计工程有限公司,重庆南岸区南坪会展中心旁玖玺国际6栋22楼,400-680-0011转023
重庆业之峰装饰有限公司,重庆渝北区新溉大道231号天工太阳岛峰格汇家居,400-680-0011转023
重庆视界有趣装饰有限公司,重庆市观音桥泰兴电脑城7楼（茂业对面）,400-680-0011转023
重庆有名堂装饰设计工程有限公司,石桥铺石新路156号国窖建材汇展中心B3-6、7、8,400-680-0011转023
华浔品味装饰重庆公司,重庆市江北区北滨路金源世纪广场灯巢4楼,400-680-0011转023
重庆市宏伟装饰工程有限公司,重庆市大渡口区陶瓷市场7楼,400-680-0011转023
重庆元洲装饰有限责任公司,重庆各主城区（江北、渝北、南坪、）,400-680-0011转023
重庆市黔江区富豪博艺装饰工程有限公司,重庆市黔江区官坝路武陵上家居市场C区,400-680-0011转023
业之峰装饰重庆分公司,渝北区新溉大道231号天工太阳岛（市公安局旁）,400-680-0011转023
重庆美的家装饰工程有限公司,北滨路金源世纪广场,400-680-0011转023
尚层装饰（北京）有限公司重庆分公司,重庆市渝北区渝兴广场B1-21/22层,400-680-0011转023
重庆业之峰装饰有限公司,重庆市渝北区新溉大道天工太阳商城231号业之峰,400-680-0011转023
潼南县成泽装饰设计工作室,潼南县江北新城金佛大道303号,400-680-0011转023
秀山玉人山装饰设计有限公司,秀山县物流园区武陵副食品批发市场对面二楼,400-680-0011转023
重庆星艺装饰有限公司,重庆市渝北区黄龙路6号司法局楼下皇家一号内地铁站1a...,400-680-0011转023
广州美星装饰秀山分公司,秀山东大街汇豪8栋转角二楼（百乐门娱乐会所斜对面，...,400-680-0011转023
重庆艺巧装饰设计工程有限公司,江北区红旗河沟建马特北部尚座20-15,400-680-0011转023
天猫家装E站重庆站,重庆江北区华新街城市领地A座二楼（即公交华新街站旁...,400-680-0011转023
重庆交换空间装饰有限公司,重庆南坪会展中心玖玺国际8栋6楼,400-680-0011转023
重庆鼎景装饰工程有限公司,重庆市渝北区红星美凯龙4楼E006,400-680-0011转023
重庆悦顺建筑装饰工程有限公司,重庆市黔江区城墙路189号,400-680-0011转023
重庆千度装饰工程有限公司,重庆市大坪龙湖时代天街2幢12-22号,400-680-0011转023
重庆火红装饰设计有限公司,渝北区龙湖moco A馆2栋35-5（江北红星美凯龙旁）,400-680-0011转023
重庆瑜珠装饰设计有限公司,新牌坊中渝都会首站3栋3105,400-680-0011转023
重庆日辉装饰工程有限公司,红旗河沟中翰名苑10-1,400-680-0011转023
重庆川仁建筑装饰设计工程有限公司,重庆市渝中区大坪英利国际4号楼43-6,400-680-0011转023
重庆天色装饰,杨家坪龙湖西街星座A座,400-680-0011转023
黔江黔盛环保室内空气净化工作室,黔江区官坝路92号（东站斜对面下行）,400-680-0011转023
重庆越饰装饰设计工程有限公司,巴南区龙海大道3号附111,400-680-0011转023
重庆鹏友百年装饰工程有限公司,重庆市江北区红旗河沟建玛特,400-680-0011转023
重庆视界好趣装饰工程有限公司,重庆市江北区观音桥泰兴电脑城七楼（茂业百货对面）,400-680-0011转023
重庆欧也装饰工程有限公司,渝北区新溉大道2号负1层,400-680-0011转023
重庆卓坊装饰工程有限公司,北环红星美凯龙正对面艺展饰品街477号门面,400-680-0011转023
重庆巨烁装饰设计工程有限公司,重庆市九龙坡区奥体路1号附5-9-5、6、7、8号,400-680-0011转023
欣怡装饰设计,桃花园大道179,400-680-0011转023
重庆爱港装饰设计工程有限公司,重庆市南坪会展中心玖玺国际6栋22层,400-680-0011转023
重庆生活家装饰工程有限公司,重庆市江北区红黄路20号附1号（力帆体育馆旁）,400-680-0011转023
重庆爱港装饰设计工程有限公司,玖玺国际6栋22楼,400-680-0011转023
重庆盈拓装饰设计工程有限公司,重庆市南岸区亚太路9号玖熙国际6栋29-1（会展中心旁）,400-680-0011转023
重庆爱港装饰有限公司,重庆市南岸区会展中心玖玺国际6栋22楼,400-680-0011转023
重庆市屈氏室内设计事务所,江北红旗河沟,400-680-0011转023
重庆千度装饰有限公司,重庆市渝中区大坪龙湖时代天街2号楼12-22,400-680-0011转023
重庆三信装饰工程有限公司,地址：重庆市沙坪坝王府井B栋12-7-8-9/A栋12-9,400-680-0011转023
重庆爱港装饰设计工程有限公司,重庆市南岸区会展中心玖玺国际6栋22楼,400-680-0011转023
广州美星装饰设计有限公司江津分公司,重庆市江津区滨江路东段东城中央2栋-1-7商铺,400-680-0011转023
重庆元洲装饰责任有限公司,重庆市江北区北滨路灯巢4楼,400-680-0011转023
私人装修,潼南县。福宣雅园,400-680-0011转023
重庆生活家装饰工程有限公司,重庆市江北区红旗河沟东站计生医院向黄泥磅方向前行30...,400-680-0011转023
潼南先行装饰设计工作室,凉风垭分部：佳城天下。江北分部：江北人民小学六路公...,400-680-0011转023
重庆市忻屿装饰工程有限责任公司,重庆市黔江区舟北汽摩机电商谷5栋101,400-680-0011转023
重庆爱港装饰设计工程有限公司,南岸区玖玺台6栋22楼,400-680-0011转023
重庆爱港装饰有限公司,重庆市南岸区会展中心玖玺国际6栋22楼,400-680-0011转023
重庆爱港装饰设计工程有限公司,重庆市南岸区会展中心玖玺国际6栋22楼,400-680-0011转023
重庆爱港装饰设计工程有限公司,重庆市南坪会展中心玖玺国际6栋22楼,400-680-0011转023
重庆视界好趣装饰工程有限公司,江北区观音桥泰兴电脑城七楼,400-680-0011转023
昆明傲云装饰工程有限公司重庆分公司,重庆市杨家坪建设广场（建玛特）A座25楼,400-680-0011转023
重庆元洲装饰工程有限公司,居然之家金源广场4楼,400-680-0011转023
重庆生活家装饰工程有限公司,重庆江北红旗河沟红黄路,400-680-0011转023
重庆市欧丽居装饰工程有限公司,重庆市万州区王牌路68号副楼第四层,400-680-0011转023
重庆爱港装饰设计工程有限公司,重庆市南坪会展中心玖玺国际6栋22楼,400-680-0011转023
重庆龙发建筑装饰工程有限公司,重庆市渝北区红黄路439号,400-680-0011转023
重庆业之峰装饰有限公司,新溉大道231号天工太阳城 峰格汇家居,400-680-0011转023
美人渝建筑装饰工程有限公司,重庆市南岸区南坪光电路金色家园A栋28F,400-680-0011转023
重庆奥诺装饰设计有限公司,重庆南岸福天大厦B座24-2,400-680-0011转023
北京龙发装饰集团重庆分公司,重庆市渝北区红黄路439号,400-680-0011转023
重庆三信装饰工程有限公司,重庆沙坪坝王府井B座12-7-8-9,400-680-0011转023
重庆美人渝建筑装饰工程有限公司,重庆市南岸区光电路金色家园A栋1单元28F,400-680-0011转023
重庆鼎轩装饰工程有限公司,重庆江北区红旗河沟建玛特北部尚座23楼,400-680-0011转023
重庆天色装饰工程有限公司,江北区观音桥步行街朗晴广场B座38层,400-680-0011转023
重庆奥和意装饰设计工程有限公司,龙湖时代天街B馆3号楼39层,400-680-0011转023
重庆帝居装饰工程设计有限公司,渝州路南方花园B区3-3-7-4,400-680-0011转023
鲁海峰设计工作室,渝秀大道花灯街90号（黔龙大地幼儿院正对面）,400-680-0011转023
重庆鹏泰装饰设计工程有限公司,江北观音桥富力海洋广场,400-680-0011转023
重庆业之峰装饰有限公司,渝北区新溉大道天工太阳城（市公安局背后）,400-680-0011转023
秀山美百年装饰设计有限公司,秀山县中和镇渝秀大道美百年家居1F,400-680-0011转023
秀山富源装饰工程有限公司,秀山县东大街大运摩托2楼,400-680-0011转023
秀山金将装饰设计有限公司,东大街黄杨大道40号2楼,400-680-0011转023
重庆九鼎日盛拓凯装饰工程有限公司,重庆长寿桃源东路2号1-4,400-680-0011转023
重庆奥和意装饰设计工程有限公司,重庆市渝中区大坪石油路龙湖时代天街b馆3号楼39层,400-680-0011转023
浩益装饰重庆分公司,两路一碗水高岩路24号,400-680-0011转023
重庆博玛装饰工程有限公司,重庆江北观音桥同聚远景27楼,400-680-0011转023
重庆印象(IMAGE）装饰设计有限公司,秀山黄杨大道32号（东大街药监局对面）,400-680-0011转023
重庆博玛装饰工程有限公司,观音桥步行街同聚远景27楼（民生银行楼上）,400-680-0011转023
重庆涵丰装饰设计工程有限公司,重庆市渝北区龙溪街道金山路18号中渝都会4栋24-3,400-680-0011转023
重庆大一天装饰工程有限责任公司,重庆市江北区红旗河沟建玛特时代名居C座16F,400-680-0011转023
重庆市瀚雅装饰工程有限公司,城东街道官坝路锦绣苑339号-2（小时代对面）,400-680-0011转023
重庆维朗尼克装饰工程有限公司,重庆市南岸区南坪福天大厦A座19楼1号,400-680-0011转023
重庆意德琳装饰工程限公司,重庆渝中区较场口得意商厦A栋23层,400-680-0011转023
重庆诗情装饰设计工程有限公司,南坪百盛,400-680-0011转023
广东帝豪装饰有限公司黔江分公司,西山转盘天河宾馆四楼,400-680-0011转023
重庆嘉代通风设备有限公司,重庆市九龙坡区石桥铺南华街748-1号,400-680-0011转023
重庆顶众装饰工程有限公司,重庆南岸区南坪万达广场江南明珠12-5,400-680-0011转023
北京龙发建筑工程装饰有限公司,黄泥磅红黄路439号,400-680-0011转023
重庆华顺装饰设计有限公司,重庆市江北区冉家坝建材市场,400-680-0011转023
重庆生活家装饰工程有限公司,重庆市江北区红黄路20号附1号,400-680-0011转023
重庆盛耀装饰设计工程有限公司,重庆市九龙坡石杨路2号（雨林商都712号）,400-680-0011转023
世纪标榜装饰集团,江北区红旗河沟汽车北站旁东和银都B座10楼,400-680-0011转023
重庆顶众装饰工程有限公司,重庆市南岸区南坪万达广场江南明珠12-5（响水路口）,400-680-0011转023
重庆特林格装饰工程有限公司,重庆市观音桥店COSMO大厦26楼,400-680-0011转023
重庆恒东装饰工程有限公司,新牌坊中渝都会首站2栋13-11,400-680-0011转023
天津精诚装饰设计有限公司重庆分公司,重庆市江北区观音桥步行街拓展大厦20-6（赛博附近）,400-680-0011转023
重庆涌好装饰工程有限公司,重庆市渝北区余松路522号1-2层（江北红星美凯龙附近）,400-680-0011转023
重庆鹏友百年装饰公司,江北红旗河沟建玛特北部尚座19楼,400-680-0011转023
DE设计事务所,南坪嘉德中心2号14-3,400-680-0011转023
重庆千度装饰工程有限公司,重庆市九龙坡区大坪龙湖时代天街2栋12楼22号,400-680-0011转023
重庆日辉装饰工程有限公司,重庆市江北区红旗河沟转盘中翰名苑8号10-1,400-680-0011转023
重庆格美装饰工程有限责任公司,重庆市渝北区气博中心线外12幢11楼,400-680-0011转023
重庆汉图名将装饰设计有限公司,龙溪镇聚信名家汇建材城c1-28,400-680-0011转023
重庆格调装饰设计工程有限公司,中国.重庆市渝北区红星美凯龙侧面金科蚂 蚁B栋6楼（美...,400-680-0011转023
重庆领御装饰设计有限公司,重庆市渝北区金童路禧纳都家居3F,400-680-0011转023
重庆聚景装饰工程有限公司,重庆南坪工贸站帝景摩尔9-2,400-680-0011转023
重庆居易乐装饰工程有限公司,民安大道477号金地豪苑二层、三层,400-680-0011转023
重庆渝装装饰工程有限公司,大学城富力城2期虎溪车站3-12-6,400-680-0011转023
广东星艺装饰南川分公司,重庆南川区三环路上海城农村商业银行2楼,400-680-0011转023
重庆千度装饰工程有限公司,重庆大坪龙湖时代天街A2栋12楼,400-680-0011转023
重庆唐卡装饰工程有限公司,重庆市 市辖区 江北区 观音桥步行街CBD,400-680-0011转023
重庆傲云装饰工程公司,重庆市杨家坪建设广场（建玛特）A座25楼,400-680-0011转023
重庆雪瑞装饰工程设计有限公司,重庆市渝北区龙溪镇聚信名家汇25楼,400-680-0011转023
重庆佳装诚商贸有限公司,黔江舟白黔州汽摩建材城农商行楼上三楼、四楼,400-680-0011转023
重庆悦美装饰工程有限公司,重庆市南岸区南城大道1号协信城7楼9F-18号,400-680-0011转023
重庆万山装饰工程有限公司,黄泥塝黄龙路33号,400-680-0011转023
重庆瑜珠装饰设计有限公司,重庆市渝北区新牌坊中渝都会首站3栋3105,400-680-0011转023
重庆业之峰装饰有限公司,渝北区新溉大道231号天工太阳业之峰（市公安局旁）,400-680-0011转023
重庆悦美装饰工程有限公司,重庆市南岸区南城大道1号协信城7楼9F-18号,400-680-0011转023
重庆爱港装饰设计工程有限公司,重庆市江北区观音桥步行街邦兴北都十四层,400-680-0011转023
重庆市宝仁装饰工程有限公司,沙坪坝区至德路4号附23号1-5室,400-680-0011转023
重庆欧丽居整装公司,万州区王牌路68号汉马酒店4楼,400-680-0011转023
重庆未来装饰工程有限公司,渝北区新南路168号龙湖MOCO家悦会A馆2栋33-11,400-680-0011转023
时尚城市DM资讯传媒有限公司,重庆市潼南县,400-680-0011转023
重庆炬木装饰设计工程有限公司,南坪金台大厦1201,400-680-0011转023
重庆创古装饰设计有限公司,南坪万寿路钻石年代B栋25-7,400-680-0011转023
重庆居易乐装饰工程公司,渝北区人和民安大道447号金地豪苑,400-680-0011转023
重庆美作美嘉装饰工程有限公司,北部新区金渝大道新科国际2-12-3,400-680-0011转023
四川乾维装饰有限公司重庆分公司,重庆市江北区·观音桥浩博天庭２４楼（爱尔眼科楼上）,400-680-0011转023
重庆视界好趣装饰工程有限公司,重庆江北观音桥泰兴电脑城7楼（茂业商场对面）,400-680-0011转023
重庆市澜邦装饰工程有限公司,重庆市 市辖区 北碚区 重庆市北碚区云华路164号,400-680-0011转023
重庆品豪装饰工程有限公司,金紫街112号,400-680-0011转023
重庆渝装装饰工程有限公司,重庆市沙坪坝区大学城南路22号富力城二期3栋12-7（虎...,400-680-0011转023
重庆视觉色装饰有限公司,洋河一路78号国际商会大厦21楼,400-680-0011转023
重庆欧丽居装饰有限公司,万州区王牌路68号汉马酒店4楼,400-680-0011转023
重庆天色装饰设计有限责任公司,观音桥朗晴广场B座38楼,400-680-0011转023
重庆业之峰装饰有限公司,渝北区新溉大道天工商城,400-680-0011转023
重庆铭发装饰工程有限公司,重庆市江北区五里店曼哈顿广场4-21,400-680-0011转023
有限公司,重庆江北区观音桥步行街,400-680-0011转023
重庆阅微装饰工程有限公司,云阳县移民大道绿森名都楼下（长江大桥头往滨江公园方...,400-680-0011转023
重庆天色装饰设计有限责任公司,观音桥步行街朗晴广场B座38层,400-680-0011转023
重庆市雪瑞装饰设计有限公司,重庆市渝北区龙溪建材市场,400-680-0011转023
成都装修.成都装饰.长沙装饰加盟.重庆装饰加盟,http://www.gdzlzsjm.com,400-680-0011转023
重庆格调装饰设计工程有限公司,重庆主城区分店面有（渝北，观音桥，南坪）,400-680-0011转023
重庆千度装饰工程公司,重庆大坪龙湖时代天街2幢12楼22号,400-680-0011转023
重庆唐卡装饰设计工程有限公司,重庆市江北区观音桥步行街嘉年华大厦5F,400-680-0011转023
重庆恒东装饰工程有限公司,新牌坊中渝都会首战2栋13-11,400-680-0011转023
重庆国宇装饰工程有限公司,重庆市北部新区金渝大道89号线外城市花园（汽博中心旁...,400-680-0011转023
重庆方正装饰设计工作室,重庆市九龙坡区谢家湾轻轨站旁,400-680-0011转023
重庆御信装饰工程有限公司,江北区观音桥朗晴广场B塔9-11,400-680-0011转023
广东华浔品味装饰有限公司重庆公司,重庆市江北区北滨路金源时代广场灯巢4楼,400-680-0011转023
重庆鸿岭装饰工程公司,重庆市大学城康居西城5栋13-1,400-680-0011转023
重庆浩威装饰工程有限公司,重庆市渝北区回兴兰馨大道2号五金机电城C7-5,400-680-0011转023
重庆鹏友百年装饰设计公司,红旗河沟建玛特19楼,400-680-0011转023
重庆正交装饰设计工程有限公司,中国*重庆*渝铁西苑12-1 (重庆火车北站旁),400-680-0011转023
重庆派和建筑装饰设计工程有限公司,重庆市江北区建新北路16号24-3,400-680-0011转023
重庆千庭装饰设计有限公司,重庆红旗河沟世纪英皇南塔14－10,400-680-0011转023
重庆奥邦装饰工程设计有限公司,观音桥朗晴广场B塔25层,400-680-0011转023
重庆琦润装饰工程有限公司,重庆市江北区建新北路二支路北城旺角A栋31-11,400-680-0011转023
重庆首佳装饰工程有限公司,重庆市高新区石桥铺一城精英国际大厦（赛博楼上）39F(...,400-680-0011转023
重庆華渝印象装饰设计有限公司,新华东路官坝口农业发展银行5-2,400-680-0011转023
重庆格调装饰设计工程有限公司,重庆南坪工贸嘉德中心2号15-11（红星美凯龙旁）,400-680-0011转023
重庆新印象装饰,重庆沙坪坝天马路,400-680-0011转023
重庆新印象装饰装修公司,重庆沙坪坝天马路,400-680-0011转023
重庆鹏友百年装饰有限公司,红旗河沟建玛特北部尚座19楼,400-680-0011转023
重庆鹏友百年装饰有限公司,江北区红旗河沟建玛特北部尚座19楼19,400-680-0011转023
重庆世纪标榜建筑装饰工程有限公司,重庆市九龙坡区杨家坪步行街国际金融大厦,400-680-0011转023
重庆视界好趣装饰工程有限公司,重庆江北区观音桥泰兴电脑城7楼,400-680-0011转023
重庆聚景装饰工程有限公司,工贸帝景摩尔大厦12-7,400-680-0011转023
重庆十二分装饰工程设计有限公司,观音桥朗晴广场B塔,400-680-0011转023
万州乾祥环保技术服务公司,万州区沙龙路,400-680-0011转023
重庆市首佳装饰工程有限公司,重庆市九龙坡区渝州路一城精英未来国际大厦39F,400-680-0011转023
重庆楠珺装饰工程有限公司,重庆市南岸区五公里工商大学内翠湖山庄13栋,400-680-0011转023
北碚装饰公司唐卡装饰,重庆市北碚区城南新区嘉陵风情步行街,400-680-0011转023
重庆梵点装饰工程有限公司,杨家坪步行街跃华新都17-3,400-680-0011转023
重庆海珠装饰工程有限公司,重庆市江北区五里店转盘曼哈顿广场四楼4-11,400-680-0011转023
重庆天色装饰工程有限公司,江北观音桥朗晴广场B座38楼,400-680-0011转023
重庆准点装饰设计工程有限公司,南坪商业大楼（建马特)17层1号,400-680-0011转023
重庆观景装饰设计工程有限公司,重庆江北红旗河沟北部尚座15-17-18,400-680-0011转023
重庆九鼎日盛装饰工程有限公司,重庆渝中区得意世界C栋5楼 九鼎日盛装饰,400-680-0011转023
重庆同展装饰工程有限公司,重庆沙坪坝三峡广场王府井百货B座10-16号,400-680-0011转023
重庆吉然装饰工程设计有限公司,重庆市江北红旗河沟北部尚座A栋12-18,400-680-0011转023
时尚城市资讯广告传播有限公司黔江分公司,金龙花园2号楼1单元6号门市,400-680-0011转023
重庆浩隆装饰设计有限公司,重庆市九龙坡区石桥铺华宇老街印象2-161号,400-680-0011转023
重庆卓坊装饰工程有限公司,渝中区长江一路66号2楼,400-680-0011转023
重庆天至宏装饰工程有限公司,沙坪坝店小龙坎华天俊秀A1-6楼,400-680-0011转023
重庆道春室内设计有限公司,重庆市江北区观音桥,400-680-0011转023
重庆澜邦装饰工程有限公司,重庆市北碚区云华路164号,400-680-0011转023
重庆博菲克装饰空间艺术设计,江北红石路聚信名家汇家居建材市场C区106,400-680-0011转023
重庆亿同装饰设计工程有限公司,重庆市九龙坡区渝州路4号22-16,400-680-0011转023
重庆市雪瑞装饰工程设计有限公司,汽博中心叠彩城H1栋公寓楼4楼,400-680-0011转023
重庆海珠装饰工程有限公司,五里店曼哈顿广场4楼22号,400-680-0011转023
重庆领御装饰设计有限公司,渝北区金渝大道金童路汉国中心禧纳都3F,400-680-0011转023
重庆格调装饰工程有限公司,江北观音桥朗晴广场B塔28楼,400-680-0011转023
重庆居易乐装修有限公司,民安大道447号金地豪苑一楼,400-680-0011转023
重庆居泰隆家居有限公司,重庆市江北区建新东路239号新时代大厦1F,400-680-0011转023
重庆聚和世家装饰设计有限公司,重庆市北部新区湖云街9号,400-680-0011转023
重庆卡晏装饰工程有限公司,重庆市渝北区新牌坊中渝都会首站1栋15-8,400-680-0011转023
重庆（台湾）双宝装饰设计公司,石桥铺香榭里大街半山公馆3栋3单元1-2,400-680-0011转023
重庆市君临装饰装修设计有限公司,黔江官坝路93*3-1【茗品茶楼楼上】,400-680-0011转023
重庆视觉色装饰有限公司,重庆市江北区洋河一路78#国际商会大厦21F,400-680-0011转023
重庆潜江永盛装饰设计机构,重庆市黔江区官坝路汽车东站对面,400-680-0011转023
重庆天成装饰设计有限公司,重庆市九龙坡区石小路148号附6（欣芳苑2楼）,400-680-0011转023
重庆唐卡装饰工程有限公司,重庆江北区观音桥CBD,400-680-0011转023
重庆视界好趣装饰有限公司,江北观音桥泰兴电脑城7层,400-680-0011转023
重庆天色装饰设计有限公司,江北观音桥朗晴广场B栋38楼（412终点车站旁）,400-680-0011转023
重庆恒东装饰工程有限公司,渝北区新牌坊中渝都会首站2栋13-11,400-680-0011转023
重庆元洲装饰工程公司,重庆市江北区北滨路灯巢4楼405,400-680-0011转023
重庆卓坊装饰工程有限公司,杨家坪金鹰女人街一楼5B门面（大洋百货对面）,400-680-0011转023
重庆鼎瞻装饰设计有限公司,重庆市沙坪坝石碾盘ARC中央广场3-5-12,400-680-0011转023
重庆乾维装饰工程有限公司,公司地址：江北观音桥浩博天庭24楼（爱尔眼科楼上）,400-680-0011转023
重庆准点装饰设计工程公司,重庆南坪建玛特17-1,400-680-0011转023
重庆鹰骐装饰设计有限公司,观音桥朗晴广场b塔39-14,400-680-0011转023
重庆雪瑞装饰工程设计责任公司,江北区聚信名家汇商务楼25楼,400-680-0011转023
重庆鹰目装饰工程有限公司,袁家岗中新城上城6栋13-11,400-680-0011转023
重庆鹏友百年装饰设计工程有限公司,江北红旗河沟建玛特19-19,400-680-0011转023
重庆鼎轩装饰工程有限公司,重庆江北区建玛特23-4,400-680-0011转023
重庆龙发建筑装饰工程有限公司,重庆江北黄泥磅红黄路439号（近大众4S店旁）,400-680-0011转023
重庆恒东装饰工程有限公司,重庆市渝北新牌坊中渝都会首站2栋13-11,400-680-0011转023
重庆川豪装饰公司,重庆市渝北区红锦大道加州一号,400-680-0011转023
重庆枫艺装饰工程有限公司,重庆市渝北区北部新区留云路48号（保利高尔夫别墅中门...,400-680-0011转023
重庆业之峰峰格汇家居装饰有限公司,重庆市渝北区新溉路231号天工太阳城业之峰装饰峰格汇...,400-680-0011转023
重庆美欧装饰工程有限公司,重庆九龙坡杨家坪步行街跃华新都8-6,400-680-0011转023
北京龙发装饰重庆公司,红黄路439号,400-680-0011转023
重庆仁倍装饰工程公司,重庆沙坪坝天梨路214号,400-680-0011转023
重庆意德琳全包装饰公司,重庆渝中区较场口得意商厦A栋23楼,400-680-0011转023
重庆盈隆装饰设计工程有限公司,重庆市江北区红石路5号21-10,400-680-0011转023
重庆帝依装饰设计有限公司,重庆市渝中区鹅岭长江1路77号5楼,400-680-0011转023
重庆腾鲁建筑安装工程有限公司,江北区建新南路16号2F,400-680-0011转023
重庆博凯装饰有限公司,重庆市江北区观音桥红鼎国际c座13-1,400-680-0011转023
重庆雪瑞装饰工程设计有限责任公司,江北聚信商务楼25楼,400-680-0011转023
重庆雪瑞装饰设计工程有限公司,重庆市江北北区龙溪镇龙山街道红石路150号聚信广场1幢...,400-680-0011转023
重庆逸飞名设计工程有限公司,高新园天宫殿街道锦橙路28号北岸新洲6栋5-2,400-680-0011转023
北京龙发装饰集团重庆分公司,黄泥磅红黄路439号,400-680-0011转023
重庆亿同装饰设计工程有限公司,重庆市九龙坡石桥铺一城精英22-16,400-680-0011转023
重庆东宫装饰工程有限公司,重庆市渝北回兴水木年华3栋17-3（3号轻轨线 回兴站下...,400-680-0011转023
重庆金地装饰工程有限公司,重庆市江北区建新路17号,400-680-0011转023
重庆博玛装饰工程有限公司,重庆江北区观音桥步行街同聚远景大厦27楼,400-680-0011转023
重庆廊桥装饰工程有限公司,重庆市黔江区新华侨畜牧局三楼,400-680-0011转023
重庆瑞凯装饰设计工程有限公司,重庆市江北区红旗河沟世纪英皇24-8,400-680-0011转023
重庆石恩装饰设计公司,渝北区龙头寺仁安龙城国际1幢1区,400-680-0011转023
重庆满艺装饰有限公公社,重大劳动路平桥旁,400-680-0011转023
重庆豆豆妈装饰公司,兰美路988号美茵河谷,400-680-0011转023
重庆唐卡装饰工程有限公司,观音桥步行街,400-680-0011转023
重庆瑜珠装饰设计有限公司,江北北环祈年悦城3-10-1,400-680-0011转023
重庆奥邦装饰工程有限公司,重庆市江北区观音桥朗晴广场B座25-5,400-680-0011转023
重庆市采竹装饰设计有限公司,杨家坪西郊路3号2单元19-11,400-680-0011转023
重庆凌志装饰设计工程有限公司,重庆市万州区北山大道105号,400-680-0011转023
重庆匠门装饰设计有限公司,重庆市渝北区龙华大道尚岭公馆28-8,400-680-0011转023
重庆东瀚装饰设计有限公司,重庆市北碚区千喜建材4-21,400-680-0011转023
重庆鼎锋装饰设计有限公司,重庆市九龙坡区杨家坪步行街百康年.世纪门B座13-8,400-680-0011转023
元洲装饰（重庆）公司,重庆市江北区北滨路灯巢四楼,400-680-0011转023
重庆同展装饰工程有限公司,南岸区天龙广场B栋15-6,400-680-0011转023
重庆唐卡装饰工程有限公司,重庆江北区观音桥,400-680-0011转023
重庆见龙装饰工程有限公司,重庆市渝北区新牌坊中渝都会首站1栋25层,400-680-0011转023
重庆城翁装饰设计有限公司,袁家岗,400-680-0011转023
重庆仁倍装饰建筑设计工程有限公司,重庆市沙坪坝区煌华新纪元2号楼30-1,400-680-0011转023
重庆佳特装饰设计有限公司,重庆市南岸区城市之光29-8,400-680-0011转023
重庆唐卡装饰工程有限公司,重庆市江北区观音桥CBD,400-680-0011转023
重庆道春室内设计有限公司,重庆市江北区观音桥步行街COSMO商务大厦A座12楼,400-680-0011转023
重庆阔艺装饰设计有限公司,重庆市沙坪坝区金沙国际B座26—13,400-680-0011转023
重庆阔艺装饰设计工程有限公司,重庆市沙坪坝区金沙国际B座26-13,400-680-0011转023
重庆尚欧装饰设计工程有限公司,江北区观音桥北辰名都28-5,400-680-0011转023
重庆千度装饰工程有限公司,重庆市江北区建玛特北部尚座15-8,400-680-0011转023
重庆唐卡装饰工程有限公司,重庆市观音桥步行街苏宁电器5楼,400-680-0011转023
重庆鹏友百年装饰有限公司,江北红旗河沟建马特1楼19楼,400-680-0011转023
重庆尚然装饰工程有限公司,重庆市江北区红旗河沟北部尚座A座29-16,400-680-0011转023
重庆视觉色装饰有限公司,江北红旗河沟国际商会大厦21F,400-680-0011转023
重庆视觉色装饰有限公司,洋河一路78号国际商会大厦21楼,400-680-0011转023
重庆博玛装饰工程有限公司,红旗河沟西,400-680-0011转023
重庆金满庭装饰工程有限公司,重庆南岸区南坪上海城嘉德中心2号13-3,400-680-0011转023
重庆天非室内设计有限公司,重庆市渝中区鹅岭铂金时代7楼8室,400-680-0011转023
重庆汉卓装饰设计有限公司,重庆杨家坪斌鑫世纪A2-25-8,400-680-0011转023
重庆视觉色装饰有限公司,重庆市江北区洋河一路78号国际商会大厦21F,400-680-0011转023
重庆川豪装饰设计工程有限公司,重庆市渝北区红锦大道50号加州一号川豪装饰,400-680-0011转023
重庆视觉色装饰有限公司,重庆市江北区洋河一路78号国际商会大厦21F,400-680-0011转023
重庆川豪装饰公司,渝北红锦大道50号加州一号2F(渝通宾馆往新牌坊方向200...,400-680-0011转023
重庆视觉色装饰有限公司,红旗河沟国际商会大厦21楼,400-680-0011转023
重庆品博室内设计有限公司,重庆江津财富中心13一5,400-680-0011转023
重庆视觉色装饰有限公司,重庆市江北区洋河一路78#国际商会大厦21F,400-680-0011转023
共益装饰建材企划联盟,重庆市潼南县江北新城,400-680-0011转023
重庆视觉色装饰有限公司,重庆江北洋河一路78号国际商会大厦21F,400-680-0011转023
广州华浔品味装饰重庆分公司,重庆市江北区灯巢420号,400-680-0011转023
重庆视觉色装饰有限公司,重庆江北红旗河沟国际商务大厦21楼,400-680-0011转023
重庆天色装饰设计有限责任公司,江北观音桥步行街朗晴广场B层38层,400-680-0011转023
重庆天色装饰设计有限责任公司,江北观音桥步行街朗晴广场B层38层,400-680-0011转023
重庆金满庭装饰工程有限公司,重庆市南岸区南坪上海城嘉德中心13-3,400-680-0011转023
华浔品味装饰重庆有限公司合川分公司,金科世界城联合一百三楼,400-680-0011转023
重庆佳特装饰设计有限公司,重庆市南岸区南坪城市之光29-8,400-680-0011转023
重庆居泰隆家居有限公司,重庆市江北区建新东路（239号）新时代大厦一楼,400-680-0011转023
温州今艺装饰设计工程有限公司重庆站,朝阳路4号,400-680-0011转023
重庆龙发建筑装饰工程有限公司,重庆市渝北区黄泥磅红黄路439号,400-680-0011转023
重庆千度装饰公司有限公司,重庆市江北区红旗河沟建马特北部尚座15-8,400-680-0011转023
重庆首佳装饰工程有限公司,重庆市九龙坡区渝州路一城精英国际大厦39F,400-680-0011转023
重庆格调装修公司,江北区观音桥朗晴广场B栋,400-680-0011转023
重庆格调装饰设计工程有限公司,江北观音桥朗晴广场B栋,400-680-0011转023
重庆乾维装饰工程有限责任公司,江北区观音桥浩博天庭24-3,400-680-0011转023
重庆格调装饰设计工程有限公司,重庆市渝北区红星美凯龙侧面金科蚂蚁B栋6楼（美派居楼...,400-680-0011转023
重庆年之轮装饰设计有限公司,重庆市渝北区,400-680-0011转023
北京龙发装饰集团重庆分公司,重庆市渝北区黄泥塝黄龙路439号 大众4S旁,400-680-0011转023
重庆鹏友百年装饰公司,红旗河沟建玛特1楼、19楼,400-680-0011转023
重庆格美装饰工程有限责任公司,重庆市北部新区金渝大道89号线外12栋11层,400-680-0011转023
重庆鼎景装饰工程有限公司,华新街西普大厦19-1,400-680-0011转023
重庆临界装饰设计有限公司,小杨公桥122号,400-680-0011转023
重庆市宏伟装饰工程有限公司,重庆市大渡口区步行街陶瓷市场7楼,400-680-0011转023
重庆铭牌世家装饰公司,重庆市大石坝大顺商厦7幢2-5,400-680-0011转023
重庆鹏友百年装饰工程设计有限公司,重庆市 江北区 红旗河沟 北部尚座一楼或十九楼,400-680-0011转023
重庆首佳装饰工程有限公司,重庆市高新区一城精英国际大厦（赛博楼上）39楼,400-680-0011转023
重庆富瑞铜装饰工程有限公司,重庆市九龙坡区黄桷坪铁路新村5号,400-680-0011转023
重庆佳特装饰设计有限公司,重庆市南岸区万达广场对面城市之光29-8,400-680-0011转023
重庆傲唯装饰有限公司,重庆市渝中区赛格尔酒店29-3,400-680-0011转023
重庆瑞荣装饰设计有限公司,沙坪坝王府井B -25-1,400-680-0011转023
重庆九鼎日盛装饰工程有限公司,重庆市渝中区较场口得意广场C区5楼,400-680-0011转023
重庆居泰隆家居有限公司,建新东路239号，茶园融景城新时代大厦1楼,400-680-0011转023
重庆郡庭装饰工程有限公司,重庆江北区观音桥红鼎国际B2--2608,400-680-0011转023
重庆黑加吉装饰工程有限公司,重庆市南岸区南坪西路38号（上海城嘉德中心2号楼）13-...,400-680-0011转023
重庆优豪装饰工程有限公司,重庆市江北区海尔路187号,400-680-0011转023
重庆鼎景装饰工程有限公司,重庆江北华新街西普大厦19-1,400-680-0011转023
重庆奇龙仕装饰工程有限公司,重庆市秀山县渝秀大道渝秀农贸市场二楼,400-680-0011转023
重庆格美装饰工程有限责任公司,红星美凯龙,400-680-0011转023
重庆格调装饰工程有限公司,重庆市渝北区北环红星美凯龙旁金科蚂蚁B栋6楼,400-680-0011转023
重庆欧冠装饰工程有限公司,沙滨路金沙港湾B区12栋33-2、33-3,400-680-0011转023
广东九木堂装饰丰都分公司,国际商贸城10栋三楼,400-680-0011转023
重庆天色装饰设计有限责任公司,重庆九龙坡区杨家坪西城天街西街星座A座29楼,400-680-0011转023
重庆首佳装饰工程有限公司,重庆市九龙坡区石桥铺一城精英·国际大厦39F,400-680-0011转023
重庆鹏友百年装饰工程有限公司,江北红旗河沟建玛特北部尚座A座1楼后大厅、19楼,400-680-0011转023
重庆观景装饰设计工程有限公司,重庆江北红旗河沟北部尚座15层17、 18（建玛特旁）,400-680-0011转023
重庆观景装饰设计工程有限公司,重庆江北红旗河沟北部尚座15层17、 18（建玛特旁）,400-680-0011转023
重庆上宅装饰工程有限公司,重庆江北区红旗河沟中信大厦11-2,400-680-0011转023
重庆御信装饰工程有限公司,重庆江北区观音桥朗晴广场B塔9—11,400-680-0011转023
重庆唐卡装饰有限公司,重庆渝北龙溪镇聚信.国际建材城A座27楼,400-680-0011转023
重庆傲云装饰设计工程有限公司,杨家坪建设广场A座25楼,400-680-0011转023
重庆观景装饰设计工程有限公司,重庆江北红旗河沟北部尚座15—18,400-680-0011转023
广东星艺装饰集团万州公司,王牌路中天广场,400-680-0011转023
昆明傲云装饰设计工程有限公司重庆分公司,杨家坪建玛特A座25楼,400-680-0011转023
重庆威鑫装饰设计工程有限公司,重庆市江北红旗河沟转盘北部尚座A座10楼,400-680-0011转023
重庆天色装饰设计有限责任公司,重庆市九龙坡区杨家坪龙湖·西街星座A座29层,400-680-0011转023
重庆上宅装饰工程有限公司,重庆江北区红旗河沟中信大厦11-2,400-680-0011转023
重庆天色装饰设计有限公司,重庆市九龙坡区杨家坪龙湖.西街星座A座29层,400-680-0011转023
重庆鹏友百年装饰设计公司,重庆江北红旗河沟建码特1楼,400-680-0011转023
重庆金辉装饰工程有限公司,重庆沙坪坝区三峡广场,400-680-0011转023
重庆回音装饰工程设计有限公司,重庆沙坪坝区三峡广场煌华新纪元三幢26-5#,400-680-0011转023
重庆镘渝装饰设计有限公司,重庆市南岸区商业,400-680-0011转023
重庆普洲装饰设计工程有限公司,上清寺太平洋广场B座16楼,400-680-0011转023
贵阳佳好佳装饰工程有限公司,贵阳东山栖霞小区,400-680-0011转023
重庆佳好佳装饰工程有限公司,重庆市江北区,400-680-0011转023
重庆铭牌世家装饰公司,重庆市沙坪坝小龙坎19号,400-680-0011转023
重庆华米装饰设计有限公司,九龙坡区奥体路1号6幢3107,400-680-0011转023
重庆格美装饰工程有限责任公司,重庆市北部新区金渝大道89号线外12栋11层,400-680-0011转023
重庆威鑫装饰设计工程有限公司,重庆江北区红石路五路北部尚座10搂,400-680-0011转023
重庆乾维装饰工程有限公司,重庆市江北区观音桥浩博天庭24-3(中信大厦旁，爱尔眼...,400-680-0011转023
重庆格调装饰设计工程有限公司,重庆江北红旗河沟建马特旁北部尚坐20楼,400-680-0011转023
重庆汉卓装饰工程有限公司,杨家坪步行街斌鑫世界城A2-25-8,400-680-0011转023
重庆鼎瑞装饰工程设计有限公司,南坪万达广场2组团4栋5--7,400-680-0011转023
重庆品秋装饰工程有限公司,金凯装饰城5-4,400-680-0011转023
重庆创想装饰设计有限公司,重庆市江北区建新北路,400-680-0011转023
重庆威克装饰设计有限公司,重庆江北区红旗河沟转盘东和银都酒店15-12（苏宁电器...,400-680-0011转023
重庆东易日盛装饰工程有限责任公司,重庆市渝中区邹容路大都会商厦2001室,400-680-0011转023
重庆迪亨装饰设计工程有限公司,南坪科尔国际大厦19-6,400-680-0011转023
重庆恒延装饰设计工程有限公司,重庆市江北区观音桥红鼎国际C座20楼,400-680-0011转023
重庆乐艺装饰工程有限公司,双湖路144#,400-680-0011转023
重庆品秋装饰工程有限公司,金凯装饰城5-4,400-680-0011转023
重庆创想装饰设计有限公司,重庆市江北区建新北路,400-680-0011转023
重庆威克装饰设计有限公司,重庆江北区红旗河沟转盘东和银都酒店15-12（苏宁电器...,400-680-0011转023
重庆东易日盛装饰工程有限责任公司,重庆市渝中区邹容路大都会商厦2001室,400-680-0011转023
重庆迪亨装饰设计工程有限公司,南坪科尔国际大厦19-6,400-680-0011转023
重庆恒延装饰设计工程有限公司,重庆市江北区观音桥红鼎国际C座20楼,400-680-0011转023
重庆乐艺装饰工程有限公司,双湖路144#,400-680-0011转023
重庆品秋装饰工程有限公司,金凯装饰城5-4,400-680-0011转023
重庆创想装饰设计有限公司,重庆市江北区建新北路,400-680-0011转023
重庆威克装饰设计有限公司,重庆江北区红旗河沟转盘东和银都酒店15-12（苏宁电器...,400-680-0011转023
重庆东易日盛装饰工程有限责任公司,重庆市渝中区邹容路大都会商厦2001室,400-680-0011转023
重庆迪亨装饰设计工程有限公司,南坪科尔国际大厦19-6,400-680-0011转023
重庆恒延装饰设计工程有限公司,重庆市江北区观音桥红鼎国际C座20楼,400-680-0011转023
重庆乐艺装饰工程有限公司,双湖路144#,400-680-0011转023
重庆品秋装饰工程有限公司,金凯装饰城5-4,400-680-0011转023
重庆创想装饰设计有限公司,重庆市江北区建新北路,400-680-0011转023
重庆威克装饰设计有限公司,重庆江北区红旗河沟转盘东和银都酒店15-12（苏宁电器...,400-680-0011转023
重庆东易日盛装饰工程有限责任公司,重庆市渝中区邹容路大都会商厦2001室,400-680-0011转023
重庆迪亨装饰设计工程有限公司,南坪科尔国际大厦19-6,400-680-0011转023
重庆恒延装饰设计工程有限公司,重庆市江北区观音桥红鼎国际C座20楼,400-680-0011转023
重庆乐艺装饰工程有限公司,双湖路144#,400-680-0011转023
